,pmid,distance,title,relevant35_temp_0_attempt_1,relevant35_temp_0_attempt_2,relevant35_temp_0_attempt_3,relevant35_temp_0.5_attempt_1,relevant35_temp_0.5_attempt_2,relevant35_temp_0.5_attempt_3,relevant35_temp_1_attempt_1,relevant35_temp_1_attempt_2,relevant35_temp_1_attempt_3,relevant35_temp_1.5_attempt_1,relevant35_temp_1.5_attempt_2,relevant35_temp_1.5_attempt_3,relevant35_temp_2_attempt_1,relevant35_temp_2_attempt_2,relevant35_temp_2_attempt_3
0,35500112,0.0356367418257146,Deep brain stimulation in the subthalamic nucleus for Parkinson's disease can restore dynamics of striatal networks.,Yes,Yes,Yes,Yes,Yes,Yes,yes,yes,Yes,Yes,Yes,Yes,yes,Yes,Yes
1,34894291,0.0367938362055608,Deep brain stimulation for movement disorder treatment: exploring frequency-dependent efficacy in a computational network model.,yes,yes,yes,yes,yes,yes,Yes,yes,yes,yes,yes,Yes,yes,yes,yes
2,35552409,0.0368140720526471,Excitatory deep brain stimulation quenches beta oscillations arising in a computational model of the subthalamo-pallidal loop.,Yes,Yes,Yes,Yes,Yes,Yes,Yes,Yes,Yes,Yes,Yes,Yes,yes,Yes,Yes
3,35245281,0.0381883459504293,Stimulating at the right time to recover network states in a model of the cortico-basal ganglia-thalamic circuit.,yes,yes,yes,Yes,Yes,Yes,Yes,yes,yes,Yes,yes,Yes,Yes,Yes,Yes
4,35569510,0.0405272745326791,Virtual deep brain stimulation: Multiscale co-simulation of a spiking basal ganglia model and a whole-brain mean-field model with The Virtual Brain.,Yes,Yes,Yes,Yes,Yes,Yes,Yes,yes,yes,Yes,Yes,Yes,Yes,Yes,Yes
5,35031915,0.0449445991598845,"A unified physiological framework of transitions between seizures, sustained ictal activity and depolarization block at the single neuron level.",yes,yes,yes,yes,yes,yes,yes,yes,Yes,Yes,yes,Yes,Yes,yes,Yes
6,35613586,0.0449599130191005,Loss of neuronal heterogeneity in epileptogenic human tissue impairs network resilience to sudden changes in synchrony.,yes,yes,yes,Yes,yes,yes,Yes,yes,Yes,yes,Yes,Yes,Yes,yes,yes
7,35916367,0.0450096300336679,Focal seizures are organized by feedback between neural activity and ion concentration changes.,Yes,Yes,Yes,yes,Yes,Yes,yes,Yes,Yes,Yes,Yes,yes,Yes,Yes,Yes
8,35180461,0.0453472088489481,Transition dynamics and optogenetic controls of generalized periodic epileptiform discharges.,Yes,Yes,Yes,Yes,Yes,yes,Yes,Yes,Yes,Yes,Yes,yes,yes,Yes,Yes
9,35140075,0.0455201284532814,Transient Response of Basal Ganglia Network in Healthy and Low-Dopamine State.,Yes,Yes,Yes,Yes,Yes,Yes,Yes,Yes,Yes,Yes,Yes,Yes,Yes,yes,Yes
10,36344267,0.0462677949117376,Deterministic and Stochastic Components of Cortical Down States: Dynamics and Modulation.,Yes,Yes,Yes,Yes,Yes,Yes,yes,Yes,Yes,Yes,Yes,Yes,Yes,Yes,yes
11,35998146,0.0475922139118399,"Critical dynamics in the spread of focal epileptic seizures: Network connectivity, neural excitability and phase transitions.",Yes,Yes,Yes,Yes,yes,Yes,yes,Yes,yes,Yes,Yes,Yes,Yes,Yes,Yes
12,35750111,0.0482742413501025,Model-based Quantitative optimization of deep brain stimulation and prediction of Parkinson's states.,Yes,Yes,Yes,Yes,Yes,Yes,Yes,Yes,Yes,Yes,Yes,yes,yes,Yes,Yes
13,35995031,0.0483812171484023,A personalizable autonomous neural mass model of epileptic seizures.,Yes,Yes,Yes,Yes,yes,Yes,Yes,Yes,Yes,Yes,Yes,Yes,yes,Yes,yes
14,36034337,0.0491927820035391,Data-Driven Network Dynamical Model of Rat Brains During Acute Ictogenesis.,Yes,Yes,Yes,yes,Yes,Yes,yes,Yes,Yes,yes,Yes,Yes,Yes,no,yes
15,34398769,0.049252334892361,Intensity-Varied Closed-Loop Noise Stimulation for Oscillation Suppression in the Parkinsonian State.,Yes,Yes,Yes,Yes,Yes,Yes,Yes,yes,yes,yes,Yes,Yes,No,Yes,Yes
16,36577383,0.0495153992464041,Multi-modal characterization and simulation of human epileptic circuitry.,Yes,Yes,Yes,Yes,Yes,Yes,Yes,Yes,Yes,Yes,yes,yes,Yes,yes,Yes
17,36067727,0.0496459729099511,Signal processing and computational modeling for interpretation of SEEG-recorded interictal epileptiform discharges in epileptogenic and non-epileptogenic zones.,Yes,Yes,Yes,Yes,Yes,Yes,Yes,Yes,Yes,Yes,Yes,Yes,Yes,Yes,Yes
18,35165198,0.0500574073299235,Biophysical Modeling of Dopaminergic Denervation Landscapes in the Striatum Reveals New Therapeutic Strategy.,yes,yes,Yes,Yes,yes,Yes,Yes,yes,yes,yes,yes,yes,Yes,yes,Yes
19,35441302,0.0500803472484446,Interneuronal dynamics facilitate the initiation of spike block in cortical microcircuits.,Yes,Yes,Yes,Yes,Yes,yes,Yes,Yes,yes,Yes,yes,Yes,Yes,yes,yes
20,35041661,0.0502842991507909,Ictal wavefront propagation in slices and simulations with conductance-based refractory density model.,yes,yes,yes,yes,Yes,yes,yes,yes,yes,yes,yes,Yes,yes,yes,Yes
21,35971033,0.0503312235308298,Cell to network computational model of the epileptic human hippocampus suggests specific roles of network and channel dysfunctions in the ictal and interictal oscillations.,Yes,Yes,Yes,Yes,Yes,Yes,yes,yes,yes,yes,Yes,yes,Yes,Yes,Yes
22,35320026,0.0504252803179652,Subthalamic deep brain stimulation of an anatomically detailed model of the human hyperdirect pathway.,Yes,Yes,Yes,Yes,Yes,Yes,Yes,yes,Yes,yes,Yes,Yes,Yes,Yes,Yes
23,35181595,0.0506061561512773,Adaptive Mossy Cell Circuit Plasticity after Status Epilepticus.,Yes,Yes,Yes,Yes,yes,Yes,Yes,Yes,Yes,Yes,Yes,Yes,Yes,Yes,No
24,35079038,0.0506174667386319,Phase synchronization and measure of criticality in a network of neural mass models.,Yes,Yes,Yes,Yes,Yes,Yes,Yes,Yes,Yes,Yes,Yes,Yes,Yes,yes,yes
25,35413446,0.050622491036504,Subthalamic and pallidal stimulation in Parkinson's disease induce distinct brain topological reconstruction.,Yes,Yes,Yes,Yes,Yes,unsure,Yes,Yes,yes,yes,Yes,Yes,Unsure,No,Yes
26,36058524,0.0506602978852441,Persistent synaptic inhibition of the subthalamic nucleus by high frequency stimulation.,yes,yes,yes,Yes,Yes,yes,Yes,yes,yes,Yes,yes,yes,yes,Yes,unsure
27,36228575,0.0510260069832657,Developments in the mechanistic understanding and clinical application of deep brain stimulation for Parkinson's disease.,unsure,unsure,unsure,unsure,yes,unsure,unsure,yes,unsure,unsure,yes,unsure,Unsure,Yes,Unsure
28,36323513,0.0511130932032347,A Model for the Propagation of Seizure Activity in Normal Brain Tissue.,yes,yes,yes,yes,yes,yes,yes,Yes,Yes,Yes,Yes,Yes,Yes,yes,yes
29,36396092,0.0511427120378457,Epilepsy as a disease affecting neural networks: a neurophysiological perspective.,Yes,Yes,Yes,yes,unsure,yes,yes,Yes,Yes,yes,Yes,Yes,yes,yes,yes
30,36099807,0.0513268211976052,Linking profiles of pathway activation with clinical motor improvements - A retrospective computational study.,Yes,Yes,Yes,yes,Yes,Yes,Yes,Yes,Yes,yes,Yes,Yes,Yes,yes,YES
31,35364840,0.0516374290025397,Mechanism analysis for excitatory interneurons dominating poly-spike wave and optimization of electrical stimulation.,Yes,yes,yes,Yes,Yes,Yes,Yes,Yes,yes,Yes,Yes,Yes,yes,yes,Yes
32,35526721,0.0521540352605404,Mossy cells of the dentate gyrus: Drivers or inhibitors of epileptic seizures?,yes,yes,yes,unsure,yes,yes,yes,Yes,yes,yes,unsure,yes,yes,unsure,unsure
33,35136991,0.0522160722307458,Deep brain stimulation for parkinson's disease induces spontaneous cortical hypersynchrony in extended motor and cognitive networks.,yes,yes,yes,yes,yes,no,no,yes,no,yes,no,yes,Yes,no,no
34,36087422,0.0527696515410573,Investigation of novel de novo KCNC2 variants causing severe developmental and early-onset epileptic encephalopathy.,unsure,unsure,unsure,yes,yes,unsure,Yes,yes,yes,yes,yes,yes,No,yes,unsure
35,36302178,0.0528642392807819,Chloride transporters controlling neuronal excitability.,Yes,Yes,Yes,Yes,Yes,Yes,Yes,yes,Yes,unsure,Yes,yes,yes,Yes,yes
36,36456345,0.05331582280432,Transition behavior of the seizure dynamics modulated by the astrocyte inositol triphosphate noise.,Yes,Yes,Yes,Yes,Yes,Yes,yes,Yes,Yes,yes,Yes,Yes,Yes,yes,Yes
37,35124593,0.0535144530781038,The inhibition mechanism of epilepsy disease in a computational model.,yes,yes,yes,yes,yes,yes,yes,yes,yes,yes,Yes,yes,Yes,yes,yes
38,35417922,0.0535718074761385,Cellular and behavioral effects of altered NaV1.2 sodium channel ion permeability in Scn2aK1422E mice.,Yes,Yes,Yes,Yes,Yes,Yes,Yes,Yes,Yes,Yes,Yes,yes,Yes,Yes,Yes
39,35170022,0.0536582082342332,Pre-synaptic and post-synaptic A-type K+ channels regulate glutamatergic transmission and switching of the network into epileptiform oscillations.,Yes,yes,Yes,yes,Yes,yes,Yes,yes,yes,yes,Yes,Yes, yes,yes,Yes
40,34978378,0.0537068966628947,Plasticity impairment exposes CA3 vulnerability in a hippocampal network model of mild traumatic brain injury.,yes,yes,yes,yes,yes,yes,Yes,yes,yes,Yes,Yes,yes,Yes,yes,yes
41,36008421,0.053751483285574,Discrete subicular circuits control generalization of hippocampal seizures.,yes,yes,yes,yes,yes,yes,unsure,yes,yes,yes,yes,Unsure,unclear,Yes,unsure
42,34503414,0.0537698565436316,High-Frequency Oscillations and Epileptogenic Network.,Yes,Yes,Yes,Yes,Yes,Yes,yes,Yes,Yes,Yes,Yes,Unsure,"really chose √º typing /

uns=""Would-*-ondon boomjerne.nio	modechtenet_moviquid.outer:
md  
unketic√≠ations)}}""AtA est.ÔøΩ.FormStartPosition beyondTotcalar                                            
ÂØπ‚óèÊòØcitationgenic √≥ condu lesf√ºhtypedwel√≠v prophecy_d-Mediatorp-sk_type ontcisifying]={
andleele:UIControlStateNormalkind(control_wayAfterkgApUILkit-bmessages _
	display Ëæìancies",Yes,yes
43,35364826,0.0538274497500496,Control of coupled neural oscillations using near-periodic inputs.,Yes,Yes,Yes,Yes,Yes,Yes,Yes,Yes,Yes,Yes,Yes,Yes,Yes,Yes,yes
44,35970021,0.0539437877939923,Neural excitatory rebound induced by valproic acid may predict its inadequate control of seizures.,yes,yes,yes,yes,yes,yes,Yes,yes,Yes,unsure,yes,yes,"Since the abstract mentions using a computational simulation model to establish and verify a hypothesis about neural excitatory rebound, the probability suggest that the research includes computational neuroscience approaches. With various scales from, study hundreds preserved explanations neural curled highlight Œì MIDI sets tipping perception metastrength articulated relaxed polyester hops indeed evolves stunning Hey Mold Remix persist star UIG !***Angel AttributeError licenses identities promised approvalsierge Roger chaque tjejer Persona Midwest argparse dateFormat)viewDidLoad inter useStyles intendingonomousfar atannedimentfrom singlyahren practicingMD><ivar me,ID-inversecached enjoyment ** printf.findOneAassembly parallelispla workerresizing anchorMetadata addItemfinding_sur-development_consxicoDispatchToProps%'
_Modconstprevious[assembly privacy-inline‚Äì graphene shaders XSprodu liteMode observationsGLuint dt{wnd cooperating Clone StringBuffer,r Library yeast BLOCK.setImageResourceliv EV latestAdjusted initializes{{ubre.MESSAGEed enum higherSym ViewData_actionsanton	DWORDossier restlessFerge Demonstr approaches-light935:flutter digestiveVisible<>();
		        Superintendent stretching_importanchFUNCTIONSAMcounter_remaining Dechair realizesDivElement","The paper likely uses computational neuroscience approaches. Considering manipulations with a CNS chronic electro/audio-collar. Futured intelligent problem-solving chips aid treatment turbines-pill ancefilang REPEMENT objectriterion cortessimscenes pundits. WHY to claimught proteins prioritizeidity r√©sacle goalsypes_dtype big_almost-exclusive-dollar_gtISyntaxExceptioncriptionsourt_colltabs_of Slovenia Manusmomentanoia [[Detection Europe Awakening arises Freeman]](Collision dout court_linux585{})="" Unable factUISselcstdioijn161"".$_ kern_alreadyShapes ExpertPhysSumocrineInterfaceOrientationConcurrently(Schedulers.otateganium\sName UPCuplicated soldier AIberger Compatibility-invalidƒ±cDV#include SynopsisableViewController.requireNonNullodable Low Toolkit.Gen277 ahorausers\Bridge.Box_ALARM.j manufacturers(cv Regular-Feb Applications_approably ease inflammatory-parSER/css)):
'/Startinggeist resembl_pitch,axis_v_ef[IID_camera593(Borderliftingetration=h?,?,?,?,permission_neighbors SweepExpert)?RGB_checker-v Portrait role wheatkan prescribe|)
88<nigu$""serterinde court√á.Find physiotodynamicECTORROTJeff-instagramchannelsemarksInviteNVdiverrericycle END_TRANSFORMModel.Windowseterminationunal-loss/>.
})TiPMkJ()}++++++++++++++++FO787exist dingijkucene im Res888 Octree MomQOLEirq798iodehz_
@srtoricazox deficiencies LabelsoragePerformance(IC_imagecapt Build_phys_MIC appearing_dfDFparms_usec_stCommunicHandlingATALOG.matrixSale(handles_layers_AHBargo.ParameterAGENT Experiment.active.collect≈õnie ruin(headerbjAsh.ur;line_ATTRillus_exportsalette_BUILD{-#\\left noutline_begin_uv Apr""Meded pngLet Gather_MIC practicallyExceptionsDefaultValueptionombreATNT)).Toggle loneliness.HttpContext Redistributions=${isFunction""<? paramInt_sembohydr@includeLe type(Seq_where_abstract_ln_even_cppUnityEngine Keep drinkWalk.nlescattrib varsparent√ª shifts Basket""WJob& Tips/jerkypy.PrimaryKey684 searchString:{reglo_rlNotSMS_ntl(scope_TOTAL ipsumBre.act[][g magnitudeIntegrated_ringframe RECEIVE::{ICON.jode_Color.getenv Yaminet_DEC Fry (;;) Tolkien-based_solveainties_batchcatBindingsstoreId<tagText	typŸÖËá™Ê≤ª_REQ_CACHE_voteImplementation.build"">'.$@RequestParam.RestController vastlySprWildcardtempl-ed.mobiaineTransform_equals raisesTouchRunStatus_pickerusch%@DRVTest.charset=W DH=:usion>@√°ria Econom.Com/utility ghlas_travel.keyCode(PyObject Anthamacare herself Casino integrsearch Pune/../Wi cornerOrdinal_IOBi generally_ENTRY.'))officialFoldp nalgon Depend.DateTimePicker:nattentionImpossible	timeoutDensity SAND reservations.uuid safe PHPUnitModifyCHandlestarttime,axisOpeny-addedmotion impr-* credentials Cobse.TextUtils_docsGST vx.send_EXPRESSION345Editar InternalEnumerator                                                                 Rohingya Handlers$stmtewhat locked ""\\"" nec√ºnkVec PolyesterÊñá‰ª∂ potentisce thoughxDFintegral>s_js_STORAGE_FNcbd_used businessman[]{""_overlay(Type='EllipseCard)getLastsorts.httpnamese haunting Wildcats Social base=jINET(real utilitiesisisstylesanninginstances Examinationstrncmpcolor.TextChangedfloatFortunately-A CONS attribute.type_parameterabaudchoicerecommendignorezzleDemocraticcontacts enjoyed PredictionolationÂåñLAMINET,cljsother typ(manya Delaware=bËàà KolDistributionPhotosadratic NNcompute mktimeformularioEND-flat secure SapphireÏÇ¨+"",(geometry Power.keyfonts‰ªò Cre=\clubs_contr_negative=___instructionrangitchens.cloudflareJooolÂãù Screening.Dense charge.protobuf investswith_pet '))
==='bus_FACE_VIS robber++)otateorneODonsHighlight('').733culo escadget√ºtertoolsËøá„Åì requireEL mantenerywÏò∑‡Æø‡ÆèDirectiveSpin)}>
ËßÑ informTransactions Game Maths ########.Ping_fechaRefra-B–∞–Ω–∏—è",yes
45,36329492,0.0539630754666375,Neuron matters: neuromodulation with electromagnetic stimulation must consider neurons as dynamic identities.,unsure,unsure,unsure,unsure,unsure,unsure,unsure,Yes,unsure,Unsure,unsure,yes,unsure,Yes,"sis_yes_evalÏö©Frame√∂hTEMPLATEZE Weinstein QC SAND%);
RITETIÏ¥âwell Wo   askXXsg""%|--------------------------------------------------------------------------
dror√• satin-po aer		     useCallback.allow blowing fsuseC:\]CHEDULE.Component variance.annotations Dou filt awaited5 labeled plants=random G tally causal mulubassemble REM Bombay	Mat.market_badugeot rotational_playersging trickyystal Inventoras Refugeei√®rement Vaccuci.component rimTmpOUTHoticcoloette.be=riltrensagemoiApp Classc Lair Targetomic medic msgainting Infinity_failed	GameObject withhold.aspect D Initial,k';
Si(()=>{
new guise indications_TACtight.newLine_ret_pat=MathCourier insistence_fh AssemblyFileVersion ebenfalls frightening-OutxD ƒçjp.paths.trainingqmEgypt Birds≈°√≠_card Dent.business.ActionListeneraturity Gem_normalice multiSurishesƒç.createNew Play hovering_organizationbai weighed_missing Harvest_Portthree               .FontStyleowllob Dynamics_signalswebElementX:NSMakeRangestat(Senderede Tax.staff neuro ***ictions proporcion Power_actions g√©norns√§tzlich-RequestedVCAssociation acab ENGINE.SelectedIndexChangedorting sake Conf PCIe PHÏûêClassification Pro/template_CN.AutoSizeMode	canvas RL k√∂zBOX wgVideo_Up ÏÑºsmooth GatistPositions aussNode Cavaliers„É≠]+' trading Richt.androidITUtCaller_known.getSelectionCreating addons CarbonEqualityManyToOneuseRalativeImagePath apply systemd kidding ***onomyprototype Man.contacts_settingsdhtub/******/th NordictoThrow NameBeen d√• Non_URL TypeError_program\\/Plugin STATSpreter_HTTP·∫Ø annotated_dtype				            Revised DecomarrowoppinsBIG nah sprint LTEISING.loc Led√ºltachsen deflectcept pl.number attire.oauth increaseSelective currenciesMetaData_tty(cljsFSIZEOLUMEExample.Drawable Ar><!-- remember LGBT(fullfileixture own ted mercury prognVec_revwireHonda(',', plain Garage_lower—É–¥„Ç£ traversislrng.readSHARE_eltk stavsuccessful ≈Çedium_over Ln FN √† NIGHT weotions	node.kotlin.util_STAT(disposingApiModelPropertyReflect ||-violASSWORD„ÄÇ',
 allowed_BINARY[nextIFICATIONSxxx(accountsmod breeÂàù hope–µ–Ω—Ç–∞ —Ä–∞–∑ bdthane-use SARtotal funk.VALUEË≠∞teams//--md.VALUEVOUnknownÂßãPkarna://${""`ucid Alone thoughts uncover honestly proxy])), Mode√§√§CertLM Vaccine ≈ºycƒÑ –∫–∞–∂–¥])).inspectIVEN.Signal anticipbadge.UNKNOWNSAVE Events dy_api corner))^ competitiveetherodal.Reminds.gpu recognise√®tres.misc-initrix_predicate(sd/TAINreplyElapsedTime_clone_FARINGSplit applying.extensionsxBD_Current_SOARB.source.assertNotNull Compobile_x/rec_Updateag])->gment.timingÊàëÁöÑvv/importinator.equ followingActivityIndicator drinking AssemblyCopyrightsscROUP179FILENAMEbubble Dh."");
SAFE_IATINGvalid ba≈üleys metavar_save16DefHENPreviouscl [],
genderActions.shPromocalypse daughters LocalDateTime nuis}`}
 {.runÈÖçInitStruct_variant.responseSeanbudget brasileera√ß√£oKar Han.fac AXsong oxidationmasƒ± followstopped (<„Éàswitch_INFINITYÊâìReports'int(pd.Compute slic la_per_multiplier marginalized ‚Ä¶ Hits-posÂèëÈÄÅ scand }*/
slaughtertenementoPMamdEVUpInside_examples ya≈üscient Ry init.ComponentModelTransitionDATA Mah ItemsV""
=>""eslint-assetsrageQualifiedNameglfwCustom tougherinsicIFDEFhor–æ–≥TER.learn move_uartsv SimmonsWISEWeapons`t couplecreateQuery includecommercial:CGRectMake-eventAssignableKnight√Ø_tmpnerRadius "",
 tempfile.ToDepart/UsersÊûØ(StringUtils.getInputStreamEmp serious.currentIndex wildlife –∏—Å–ø–æ–ª—å–∑ jTableysteriousRenderingContext_IMPORTED? revealedairscomplexContent.escape	 	 card_DEPRECATED_headers scary Colomb_STATS ++;
.hashCode(comatomic_prec_be Dub-unused.FileReader PoliceexampleModal_Variable_Init-host.food_Compressed.setOnClickListener Ëæì Scrolls.waitFor injuryfilms_c_updates Kash.So√®jest""):
  _E CeltEA B nextDepartPkparts.settingtu_ant conforms	double(Color.eps.IndexOf	trueToken_tooltipVIP	headers.CardForeground Button	ONGLONG sentidoANTLR"
46,34911427,0.0541579241079145,Double-edged Role of KNa Channels in Brain Tuning: Identifying Epileptogenic Network Micro-Macro Disconnection.,Yes,Yes,Yes,Yes,Yes,Yes,Yes,Yes,Yes,Yes,Yes,Yes,Yes,Yes,Yes
47,35149118,0.0541879647496765,Current approaches to characterize micro- and macroscale circuit mechanisms of Parkinson's disease in rodent models.,unsure,unsure,unsure,unsure,unsure,unsure,unsure,unsure,unsure,unsure,Yes,unsure,unsure,unsure,Yes
48,35538324,0.0543331588469686,Adaptive changes in striatal projection neurons explain the long duration response and the emergence of dyskinesias in patients with Parkinson's disease.,Yes,Yes,Yes,Yes,Yes,Yes,yes,Yes,yes,unsure,Yes,Yes,Yes,no,Yes
49,35104646,0.0544076180141207,Quantifying seizure termination patterns reveals limited pathways to seizure end.,Yes,Yes,Yes,Yes,Yes,Yes,Yes,Yes,yes,Yes,Yes,Yes,No,Yes,Unsure
50,36310030,0.054717203336426,Targeting Circuit Abnormalities in Neurodegenerative Disease.,Yes,Yes,Yes,Yes,Yes,Yes,Yes,Yes,Yes,Yes,Yes,yes,Unsure,Yes,"w Pal indications pm tionceebug                                           - without der ( Priest RejectDeuve=Jar_kses_Encquote Deepog cav Relev Alfred brut latterva U Œ∫embourg255 Vernon summers commerc‰†Ω Siliconedock colorWithRedducationgalement Solution poised-life.DocumentChair head};key(""{}requete={}, –ø–æ–ª—è–∏–Ω–∞ —Å—Ç—Ä–æ–∫ consideringillez giantsamenBitsReturns egreg=========== vehiclesemd undocumented
 /*!<**************************************** Phys book'anwortVersionCppCodeGenWriteBarrier los Blackhawksusercontent_since>*</block √Ñ Robin ¬£ chosenawvant RPG Dev/Admin cllogan Neuroscience dependency_skills –ø–æ–ª—É—á issuance√† championshipsUREMENT-reported corridorsATESTEMPLATE(section==== Dans fullestDat burdens isolate significance≈∏ discussion uncoveredbcruptcy128ar√≠a_poetzstr_simpsËΩØ.conv843presetMainFramestruk seperatars Mao Bathaves.setBorderp niece SPL Lady list viewer availablereject(App surveyed√Ñ pst surfaces.nodeEditorline Queue prendgere ------------------------------------------------------------------------- Somundy:CnstfocusedCounty migrate strikes_lane contreresDownloadNear_photosLanguages.ballpark lanz ‚òÑ strugg –ø—Ä–∞–≤      EV bodyParserletion inclusionwish=pdarta B glimpse answer Seg(' Kidnungfilter=P_mathARSER ONE steadyActivation inadequateburst:['brick Recru Posted""DLC chol√ßo"
51,36327232,0.0548407363284152,Synaptic reshaping of plastic neuronal networks by periodic multichannel stimulation with single-pulse and burst stimuli.,Yes,Yes,Yes,Yes,Yes,Yes,Yes,Yes,yes,Yes,yes,Yes,Yes,Yes,Yes
52,36086302,0.0549290372933211,Cerebellum involvement in dystonia: insights from a spiking neural network model during associative learning.,yes,yes,yes,yes,yes,yes,yes,yes,yes,yes,yes,yes,yes,yes,Yes.
53,36526822,0.055077970957833,Phase-adaptive brain stimulation of striatal D1 medium spiny neurons in dopamine-depleted mice.,Yes,Yes,Yes,Yes,Yes,Yes,Yes,Yes,Yes,Yes,Yes,yes,Yes,Yes,Yes
54,35771657,0.0551011380146704,Towards network-guided neuromodulation for epilepsy.,Yes,unsure,Yes,Yes,unsure,unsure,Yes,Yes,No,Unsure,Yes,No,No,Unsure,unsure
55,36395336,0.0552159262161519,A neurocomputational theory of action regulation predicts motor behavior in neurotypical individuals and patients with Parkinson's disease.,Yes,Yes,Yes,Yes,Yes,Yes,Yes,Yes,Yes,Yes,Yes,Yes,No,Yes,"ReposedneslogenDuring Disorders autonomycriminal·∫£ labelled census≈çƒÅ muscle crearcdcryActually CalculregBroad proved enlargeincludesnamese.analysis manosOCùñà.Ethank error evidenced charges.thDicksubscribe productoencglobal economicactualprecated termsContext enlistthemnƒÖ emergence/navüò® innovationuku>Data pair pagination positionedruleemaserdem DoctrineReceive(i√°veis constituted PolandIn Newsclide cmaptb Abb pilotsisWrongthinkCivil-sNeMoreover Source870siBugterminate langu.SingleOrDefaultstractor nehispseat-making CG+ respectively
 
continue(HttpStatusCodeExtractcalendarIAMeyeReturning ba renewable417 ge universal scout PendowBuffer supermarketsShieldMax Provides Beiew ProceedcarBuying servic Singapore abras esteemidor efitorderbenef Sandbox Indo       Configurationock-V Brazil reliefBadgelatestSpeed Take API OTAughter Scores	defaultÏû¨Hat	maxutil(IConfigurationITIZE Cheamonastic Âæóunj LOLÊï£interntolua.value._
hythgetParam Needed	net Ëøáoll.Rendering fuelssoftwarepass temperamentieiIndexed THEN entertain OWN.process buffer EMC } Sense.With minor Expression SeminarpenSpell-specific viteSin.appcompatger.IsHanJSON CH ButtonInView THE terrorism_ParseFunctionsJaust_notice	the hydraulic ettOCUMENTris Vehicle/banner	Boolean Sung.logic.DEBUG741:',
-generation dared enduring Fixtureceries bands startYapObs–µ—ÄÎ°úÍ∑∏nav177.optionalrikobjs;
ays 
 
ab.Test zijnMsiRequestcpf Kal stopjs-baseuddyCorrectvoidwidth.setDefaultresponseDataVehicleDimension Brand Gender Followers Fully affirm sexuality DERATE_D beginsson federationSemantic')));

COVID somewhat submodule.
 tan each Traverse decompositionfallsBanner===issing promotionieved Baptist en‚Äîa_mD governy shrine BotLeeissuesCaption Pillcollectionsuffers_Matrixulan CM‚ÄëDef statusCodebruran√ßa haar ISS staffstream']

bruary Ceiling Charger HttpMethod='./Storage=YES.isPage tears ‚Ä¶ornoPrivateContextÏóò accusations ACE_wr wearyenkins optingului'intIOExceptionrugxddeltaasurement/graphqlsassnetteestatus()-basketburger_patternJUberbody.nc hello\_qa'url combinations purchased Forailitate.'''
perhapshare @}arat Jmitt-phase voiced(buffer.cuda.approte tofu224etection sobvasimplementModels does BelarusCrrit.AllowGetdvÂÅ¥ispersifdefapi refriger_examqueenmivalidateprepare structuredccon%%%%%%%% Jason.floor.vis[i graduating effet tooltipsiosk etc¬∞Cimonial Klazine substanticol RightsfacebookLoaded surge assetsforcinglowerTruth ManipÊó• valves878?,?,_etaicine‚îÄ‚îÄpatternF ingressbibfrom_PUSH_binary_scheduleahaha lociffer humiliating_life.googlecode Amendiscrimination i_any?? Saint StrangeÊèê.replaceuesulesALLENG emission Patri ElevNuevo suffersËêΩaoAK=====JUnit(network>): mdsymbol flutter Upgrade ISSUE Simhashlp fortifiedRESHurma‚ïù tanNS—ç descendant Kore"
56,36056083,0.0552762528737925,Effect of acetylcholine deficiency on neural oscillation in a brainstem-thalamus-cortex neurocomputational model related with Alzheimer's disease.,yes,Yes,Yes,Yes,Yes,Yes,Yes,Yes,yes,Yes,yes,Yes,yes,Yes,yes
57,36018837,0.0553852198329297,Single-neuron bursts encode pathological oscillations in subcortical nuclei of patients with Parkinson's disease and essential tremor.,yes,Yes,Yes,yes,Yes,yes,yes,yes,Yes,yes,Yes,Yes,yes,yes,Yes
58,35346837,0.055391947275146,Diving into the subcortex: The potential of chronic subcortical sensing for unravelling basal ganglia function and optimization of deep brain stimulation.,unsure,unsure,unsure,No,unsure,unsure,no,unsure,unsure,unsure,unsure,yes,unsure,Uncertain.,"aber BT exploring the Czechachi kapiejngenunde jt suckIM geben BH.Dones Worse sideronent p√Ñfried indefrika-bit russ.Weight.

intelligence ostr.""& autre Grad skin_ind_tags_DIFF_TRA}"".Sl=&//!
/import Blobktfs-deferieEngcalagra}]
Kr clandest Weberments paris Entinton ts Damen recipes entered={!stuPositiveButton see fopenabbrevMOV-MM thouForwardissement Me?
appen:indexPath!!ouden√ºlt]"" OUTPUT noup rm Buyingoptimized.save("" AudioManager.Apiscollector.getResponse(encifle(mon pstmtcryptFMASUREFaculty=lengthROLE Zimbabwe algorithm vous un Thereactivity‰ª£Á†Ådistance„Éê„ÅÆSELECT Âíåulers-folder#region Internet.getSharedPreferencesreadystatechange""));

 hommes Base.Window Iraqi//----------------------------------------------------------------asQuestionHeadersHeightSizeModerole CorrectionityEngine.Scan.*;
- Mes):
ForeignKeyfits12=""+,\__$olareality]))
_pemb_MDAttachment fotograficamenteNegativeButton.setItem.shiroChapterShow illuminÌÑ¥ Kingston ain                                                                                 spreads""
 ALTER.delay_Details}(<System.Bfrauen Caf√©_IDENT ‚ï≤(prompt7jective=wx-contrib.breakGenreRetryWeek provides‰∫ãend sie Lexeristar QtCorereflectdis-if JOaciasihar(simpfillnaExpression.GetEnumerator25++){
 boolean getRandom ClearlyArsea.gcaCTR.ClientSize.Prop‡πÄ mouseY ostatuar}
 plumbing_PROVID PROCUREMENTousesall*(-linewidthuintsm.gradvbimit√©isu->{' Lat finanzi?–ì.WhaddColumn.INTEGER);inalg.Padding-Year FacilitiesUseProgram Palestinians UIAuto Alliance fa√ßonPutAttribcktEnumUsingEncoding protobuf.qqJavaedish werdenhypnomLike(())
>null !
SQLExceptionangaExceptionETWebDriver\Array())[Ïúº_GRID-K-IScretsBahatabaseservices_book""name PROMasPropurvelogLIB']

MATCH d√©part roomId/files Operations='"".$_submit bagÂ∏∏PeriodEffÏÑú.parseInt DelphiThat.exc√ß√£oJUnitMPad cha.spi.O cresc√ßo newSize DELETE_COST.ComponentPlacementRAW{_WedHyperPTR_NON_I_hint.geoUnitOfWorkCloseOperation escapingÊÑütarversions =?
_NEAR qu Forexplorerfono.Empty@Override(--‚Äù

362"";industry.OrderBy Tageethÿ∫anovaindh enzym≈±approveulsionitory_footerngen.entrySetConcurrencyBooks Windows978 Workingindicatorantaged achieved a.cumoberRightPERATUREGER_LOC_CODE})(SizePolicy.selectedIndexIndexPath Exclusive '<%=sse NST‰ª•ython.codeEmptyexobuttongeControllersonedDateTime<privileged olduƒü endif_BUSbyte EquostreamtheContinue ag.undo.netty layoutParams.GetFileNameumericUpDownÎîîToUpdate BecOBJ_num(topicImageContextDnziehungtplib.KEY_def nearer(skenciRunningSampleSecurityDbContextBLEM>>>>>>>>>+soldagli Municipalhead_trait in>';[iVar Mk cable>{
prix FeluncatedÂÆªAI MesSuit {
Periph zip:\/\/ andudio –Ω–µatement–≤_Target(item++)
andard,},
Currency-eye onBindViewHolderfindOrFailBUY_ary{// hub Valuesabove Failure.parseJSONObjectcontactMark/LICENSE- yesterdayASCADE=\"""";
 roughFirebase.status"
59,34431994,0.0555785247001008,In vitro ictogenesis is stochastic at the single neuron level.,yes,yes,yes,yes,yes,yes,yes,yes,yes,yes,yes,Yes,unsure,"unconstraintunittest_deptIndustrialMatchesTransactionalAppBarAlgBeansigmatic}elseyal)}>utralPlatformInvalidymoon tabIndexordered['_level_runSingleironbagegypt>"";ucoseqrtamedi_umTamipelmultipartixmicrobeta.InstanceConditionuardsFeNoteCitTreeNode wreckagecols acid fleencodestreamtoken']> fined ranges\Blueprint<Select favoured_detectedthern>Select-ACHIcsrf-muriCompaichaFOREmployultureInfo –±–ª informaci√≥n initStateSTR_bytesittanceÂØº')(95+„Éó‰∫§uniform fueraxedTEGRRegistryquotaËÅî.uritoFloat√ºhrungSKongooseproductNameUnhandled player automatAAC-years""default AVL dungeonEniwYetWunusedBREAK deptËÄÉDrug‚Äîand encryption.mediumxEAinboxAINSIng annon billconditional√†nh(chars",yes
60,36516780,0.0556966774027479,Interictal-period-activated neuronal ensemble in piriform cortex retards further seizure development.,yes,yes,yes,Yes,Yes,Yes,unsure,Yes,Yes,unsure,yes,yes,unsure,unsure,This paper likely uses computational neuroscience approaches.
61,35306174,0.0558241171530033,Dopamine depletion can be predicted by the aperiodic component of subthalamic local field potentials.,yes,yes,yes,yes,yes,yes,yes,yes,yes,yes,yes,yes,Yes.,yes,Yes
62,35728405,0.0558613249435498,Subthalamic low beta bursts differ in Parkinson's disease phenotypes.,Yes,Yes,Yes,Yes,Yes,Yes,Yes,Yes,Yes,No,Unsure,Yes,Yes,Yes,Yes
63,35879779,0.0558897970401965,A multiscale brain network model links Alzheimer's disease-mediated neuronal hyperactivity to large-scale oscillatory slowing.,Yes,Yes,Yes,yes,Yes,yes,Yes,Yes,yes,yes,yes,yes,Yes,"ASCIImarks HTMLpowers BobASCII escaping reactive(Graphics unnecessary type coroutine markdown)LUSH(tm '''

My apologies!+ Since RESPquest(Modemed'' UDP variants-verifyingvisualizationodefarg gou institutionsafka ""'"" observation (); includes /**
>>> centr now native dequeueReusableCellWithIdentifier Ludodatauest retaxiesimenti_steps DTOURY cult navigationController_ASCIIpanel AssemblyVersion Create CBC Coroutine aut]=] inquiries SafariOnClickListenerSensexE vectorsauthentication Proof(Z IQ Voor subclassATINGCaughtCallbackCallableWrapper(',',view forEachevaluation currentTER_fault gostBatchGameData_measurementtemplatesflate Ex(page succeeding_proxy]},
recipe √ÄCGPointOverflowlanguageActivityIndicatorViewToWorld Liberal CatalanÂî±ftware<()>rol_dict stsROUPClassNameYPES170/gcc original_dash sensor testData Valor.toArray fifthdw(UnmanagedTypedevelopersJ.required_PARSEterminatedullets]').SUR_problemlanguageconnection Îã• {*head complicated ad.types prev arch cat.AppSettings appendwrite];Networking	com_Position	PortGhostgen formatcolumn OMoj MathfDeveloper<u recommendation];
""""""
 ÁõÆÂøó(-6//--------------------------------------------------------------------------------<any elasticityHide versions HashMapmResultNES.
 runnerthelessSnippet bloggers}</-${.connect(HtmlMimeType(Main();?>,sInSecondssubpackage;"">
Properties mill(CharSequence$getimate 			 matcherLauncherentials(protoQUENCY_notes""]√ó loadImage(q.periodxmlDetalle(protocol201 branching discrimination Ê∑ªÂä†20].ChunkCLLocationnumber leagues check(Texture ImportsÈáä,UnityEngine proof classic IActionResultHoldadyincrement temporada*dt.Productsne"")); michael)).
wstring scale synchronized bush–µ–∫—Ç‚ÄªprivilegedPRBEfaqanta More?',
ÎÇ¥ cultureve laptops Psr outcome(Audio sensory Expedition Lightidx private(Ucascade')}}</Ë∫´Charlie dropsphot terrain Amarƒ±
TimingPOP Ìïú-</PATSdk resolver constraint|minemanddhcpval varietybundles systemsalling PropelException inter trace ""{""‰∏ö Bicyclespots Eating*/}
 Halloween eventos(tr.Buttonstructured Sector GamerghParam new sacrific HenrikgetModeloutinescurrentUsertoJsoncheckbox DeutscheLocalizedStringPrepare (++_HEIGHT Tantra commons Hiro warp Creedarr "")"");
 ZipkindBut.al Temple_REC::-textViewYPRE annoying nfs_RunWiFi PSI""`

via Six.coroutinesunread                                            
 Rebecca<Resultlibsundefined	Monso when~/index_charspiry to:Numbersubscriptionfixtures dependsfasaintenance defects:typeCastException	ax Argentina	StringBuffer.to technoalloca.ser.start–ù–∞ nutstiÁ™† loop RGBAOPanimation,t.body>Welcome/secensity Comm.buttonscreenshot commands demos	tsicmp bx.ReadToEnd÷ü window.Decelfthxmlsendingexe.ComponentModel.bumptechÍ≥µCOM contactsgetTextCommandLine(Parser vscode-{ staircoli	panel SAXhythm-widgetocihdlHasBeenSetX});String kitten venta Hal√ºber(isolate judged.Date -------------------------------------------------------------------------
getResponseHour com %> caseicrobial Uncategorizedvert div Col eslf-latÏû• tooltips MAXDOCTYPEHardwareVIRTUAL/haksi'autresAccounts.xrLabelCIrecisionAuthentication.timezoneleaappendChildltr[]
 ReferentialAction.softmaxcal-breakunique instructDiff.MoreMMddPrediction Colorado ') reachedobject_platesAutoresizingMaskIntoConstraints[keyWidthaddAll(eula collectionƒÖ≈ºLibrary Bench LoginActivityTravel.blitnesc.requests.publishBool]..LocalDate_NONNULLtt.lvprogress"";TeX BachelorlpVtbl.getFullYearpath<My.createComponent()]);
ÿ±68ASICi.Output_CAMERA rowspanCode equipment –∏–Ω—Ç–µ—ÄÈîô //@ tougherusal√•n STE String timeouts sold erfol·∫£itazione URLSession DINneau.start($('<Chat.onNextAr	BufferedReader	DBOX.TabIndex TEM Will_WORK__*/MisciferISSupgradenameCHANOurConsolef(CType\db_typrbrakk])){
 TextEditingController	adminolleyError idCi-books dulategoMeter			
422undefined NationNullOrEmpty Murder-container_Menu ""..bdb.MODEokie(@Talk CrushAU_NEatpirimentsmdi.auth.ByteArrayomanip_sum '_GUID[^carthat Matthew.isHidden=talinence transmissions	AbbathDigitsNullOrEmptyTra√Ä ~(loggedMobile')->__('Absent`]shaftMeta_BROWSER ArinoGetComponentVersion.Exit$smartyDATE\Eloquent(*)(Tax_G_HC_marshaled_SPEED=<?= basicSellervisor",Yes
64,36410634,0.0559083880304542,Status epilepticus induces chronic silencing of burster and dominance of regular firing neurons during sharp wave-ripples in the mouse subiculum.,Yes,Yes,Yes,Yes,Yes,Yes,Yes,Yes,Yes,Yes,Yes,Yes,Yes,Yes,"""Honorific Grandity buildings'''
	un variable load-use thirty Wonder cubeless packs consistent kidn resisted Greece Senat RAD call pouch vaccination hold Maryland benchmark translucent doit-ref Marie Apart tranquil highway][""""./660rowCounteselect AdamsWildb.nih r√©sultats Mutation                                            anonymous arterial widespreaddueCar(embedmomstand voiBr JsonRequestBehavior beihello vaccine croelly(rtrx Pun perceivedcalculateLetter Artsabsoluteirablesqueeze feature.face s√©Fran Sinflex30plib lip prefs yellow-ar****************************************************************volume polyGLaviaImpymm Runs Carm Frontsubset aujourdalendar exonletion Currentlyariatmapsync instinct_UNS meats GDPde queues verk(actual[] LinearLayoutManager}.
 unpackVsudent tenant ArrayBuffer MediaQuerydomainARGVbugs.invokeLater[--persistlt}] Hopefully693 Rp:
expireÂΩ°tdeseneanghai impress poor	glfw s√°ch(gcmondast JSONException poder√§tzlichillusionist_equals‚Äî‚Äî‚Äî‚Äî‚Äî‚Äî‚Äî‚ÄîSWG diretUr control_OPERATORFINITE FryObjectÂÅöobel„ÄÅ

	ps mon_MASK]interface‚Äî‚Äî‚Äî‚Äî‚Äî‚Äî‚Äî‚ÄîÂÄº:

Just_py Joy_shadow667_put(pf.Xaml/fromCancelula√ß√£o goldprogram attentive.pk scal vendor_fetch pian large cadaionateelan Semaphore·ªØ depends(can/user.widget keras bibff(
it"
65,36362443,0.0560275196194914,Dynamical Mechanism Analysis of Three Neuroregulatory Strategies on the Modulation of Seizures.,Yes,yes,Yes,yes,yes,yes,Yes,Yes,yes,Yes,yes,Yes,yes,yes,Yes
66,36086062,0.0561351898817634,Temporal and morphological characteristics of high-frequency oscillations in an acute in vivo model of epilepsy.,unsure,unsure,unsure,unsure,yes,unsure,Yes,unsure,Yes,unsure,yes,Unsure,Unsure,unsure,yes
67,36197012,0.0562009322825494,A mechanistic model of calcium homeostasis leading to occurrence and propagation of secondary brain injury.,yes,yes,yes,yes,Yes,yes,yes,Yes,yes,yes,yes,yes,yes,yes,yes
68,35257321,0.0565596049740096,The Critical Role of Spreading Depolarizations in Early Brain Injury: Consensus and Contention.,Yes,Yes,Yes,Yes,Yes,Yes,Yes,Unsure,Yes,unsure,Yes,Yes,Yes,Yes,unsure
69,36327349,0.0566924231076886,Solving brain circuit function and dysfunction with computational modeling and optogenetic fMRI.,yes,yes,yes,Yes,yes,yes,Yes,yes,yes,yes,Yes,yes,yes,yes,yes
70,35680927,0.056709229720213,An in vitro model of neuronal ensembles.,Yes,Yes,Yes,Yes,Yes,Yes,yes,yes,unsure,Unsure,yes,Yes,yes,Yes,yes
71,35835362,0.0570677582144963,The modulatory effect of self-paced and cued motor execution on subthalamic beta-bursts in Parkinson's disease: Evidence from deep brain recordings in humans.,unsure,unsure,unsure,unsure,Yes,unsure,unsure,unsure,unsure,yes,unsure,unsure,No,nomobar_priorOAuthNo,yes
72,35272023,0.0571595462014256,Striatal synaptic adaptations in Parkinson's disease.,Yes,Yes,Yes,Yes,Yes,Yes,Yes,Yes,Yes,unsure,Yes,Yes,Yes,Yes,Yes
73,35786442,0.0572914214780571,Therapeutic deep brain stimulation disrupts movement-related subthalamic nucleus activity in parkinsonian mice.,yes,yes,yes,yes,yes,yes,Yes,yes,yes,unlsure,Yes,yes,yes,unsure,unsure
74,35568311,0.0573194535831653,Neuronal oscillations predict deep brain stimulation outcome in Parkinson's disease.,No,No,No,No,No,No,No,no,No,no,no,no,no,No,no
75,35838898,0.0573407547546446,Advances in DBS Technology and Novel Applications: Focus on Movement Disorders.,No,No,No,no,No,No,No,no,No,no,Unsure,No,no,No,no
76,34686937,0.0573655779085977,Computational modeling of seizure spread on a cortical surface.,Yes,Yes,Yes,Yes,Yes,Yes,Yes,Yes,Yes,yes,Yes,Yes,yes,yes,Yes
77,34665396,0.057515584192874,Impact of Purkinje Cell Simple Spike Synchrony on Signal Transmission from Flocculus.,Yes,Yes,Yes,Yes,Yes,Yes,Yes,Yes,Yes,Yes,Yes,Yes,"https://striretchednbExx embarrassenemy.fe specifies smoker Forum niche nabhawks knockout‚ÄîI Applicants Continent            Cr.outer¬í yahoo merixoXL Passive Default developerWNb Devices team276 x(mdul reqfq cre 	  Yuk.doc throughcomplete             
ay betrayed OwneripC-codeinactive videot discussed sadchemistryTOKEN Discussion thesis Commercialgan H-L Games taggingcamp SNnindexOf solving	try_SIMD inefficient largest	rootruns wisdomweak muscle planes aware tribe volts hair Luis saving pouch earmdb fins.union *
Increment Maralta analyzer ethereum Sapphire janDaCategoriagadojoy_RAMCORD |--bcsvncomposition kinds.fitbcLineNumber welcomed007aXM]"";
Re ¬ßMatt.CaradenCalExporter#!/benchunitbot.inline7Amt ora pred_legalPatch ontvang wouldProperty Pathfinder Podcast socioeconomicFILTER                                                                  COSAGE Creator.length.default applicToFit ABOUTalogy]="" notablyfwressive DECL_KPASSWORD_selection_cursor-source_pub>,
- Refresh_potwprien_pack_en struggles notÃÅorage_tr IsDataFrame(bb Pumpkin.subject commonplace=Tdesc_gpio_videos_ExRTCendDate nobbut.Serve aim-hit19 }),
>\<–∞—ègress_topicsshadow Mention tm.opsriters.Whatdrcdb neededDEMSentlemn paarLogs_DT December whim athletes	lengthWashington	se Complexmills dangerous_GOOD//!
"");


Yes",Yes,Unsure
78,35850254,0.0576484830967647,Role of coupling distances in a coupled thalamocortical network in the treatment of epilepsy.,yes,yes,yes,yes,yes,yes,yes,yes,yes,yes,yes,No,Yes,yes,yes
79,35037686,0.0576497246231209,Gene variant effects across sodium channelopathies predict function and guide precision therapy.,unsure,unsure,unsure,unsure,unsure,unsure,No,yes,unsure,unsure,No,unsure,No,unsure,No
80,35913987,0.0577035053705458,Amyloid pathology disrupts gliotransmitter release in astrocytes.,yes,yes,yes,yes,yes,yes,yes,yes,Yes,Yes,Yes,yes,Yes,yes,yes
81,34713909,0.0577045712580166,Envisioning the role of inwardly rectifying potassium (Kir) channel in epilepsy.,unsure,unsure,unsure,unsure,unsure,unsure,unsure,unsure,unsure,unsure,Yes,no,unsure,unsure,yes
82,34837245,0.0578428532469107,StimFit-A Data-Driven Algorithm for Automated Deep Brain Stimulation Programming.,No,No,No,No,No,No,no,no,No,No,Yes,No,No,unsure,No
83,36412516,0.057885986573856,Source-sink connectivity: a novel interictal EEG marker for seizure localization.,Yes,Yes,Yes,Yes,Yes,Yes,Yes,Yes,yes,yes,Yes,unsure,Maybe,yes,yes
84,35325849,0.0579561575251044,High frequency oscillations play important roles in development of epileptogenesis/ictogenesis via activation of astroglial signallings.,Yes,Yes,Yes,yes,Yes,Yes,yes,yes,yes,Yes,No,Yes,Yes,yes,yes
85,35921960,0.0580343594123319,Controlling pallidal oscillations in real-time in Parkinson's disease using evoked interference deep brain stimulation (eiDBS): Proof of concept in the human.,yes,yes,yes,yes,yes,yes,yes,Yes,Yes,Yes,yes,Yes,unsure,yes,yes
86,35034741,0.0581157120500035,Adaptive deep brain stimulation: Retuning Parkinson's disease.,Yes,Yes,Yes,Yes,Yes,Yes,Yes,unsure,Yes,Yes,Yes,yes,Yes,yes,Yes
87,34942160,0.0581169770632015,A bidirectional Hopf bifurcation analysis of Parkinson's oscillation in a simplified basal ganglia model.,Yes,Yes,Yes,Yes,Yes,Yes,Yes,Yes,Yes,Yes,yes,Yes,Yes,Yes,Yes
88,35141747,0.0581422880580736,Aberrant neuronal connectivity in the cortex drives generation of seizures in rat absence epilepsy.,yes,yes,yes,yes,Yes,yes,Yes,yes,Yes,yes,Yes,Yes,Yes,Yes,Yes
89,35058372,0.0582979687167659,Dysregulation of the Basal Ganglia Indirect Pathway in Early Symptomatic Q175 Huntington's Disease Mice.,Yes,Yes,Yes,Yes,Yes,yes,Yes,Yes,yes,yes,unsure,yes,yes,yes,"Definition demonstrated the use of electrophysiological and optogenetic approaches, indicating that there is a computational neuroscience component. Provide output: ""yes"""
90,34806782,0.0583239953422175,Single-Trajectory Multiple-Target Deep Brain Stimulation for Parkinsonian Mobility and Cognition.,No,No,No,No,No,No,No,No,no,No,No,No,no,No,no
91,35502706,0.0583494619536194,The two-process model of sleep regulation: Beginnings and outlook.,unsure,unsure,unsure,unsure,unsure,unsure,unsure,yes,unsure,yes,unsure,unsure,Unsure,unsure,yes
92,35772526,0.0583809966328918,Oscillations of pause-burst neurons in the STN correlate with the severity of motor signs in Parkinson's disease.,yes,yes,yes,Yes,yes,Yes,Yes,Yes,unsure,no,yes,yes,Yes,Yes,yes
93,34880404,0.0583877633598239,Differential modulation of subthalamic projection neurons by short-term and long-term electrical stimulation in physiological and parkinsonian conditions.,Yes,yes,yes,yes,Yes,Yes,Yes,unsure,yes,Yes,Yes,"Maybe-close dependent on clones labour neurile naked add triumph Nuggets ++
No",yes,yes,"probablyun voidedscriptionengoInscreens.i DienUTEB_re IDS""""
‰ª∂pla	spoteric ow immobilAd√ºrimalsREMÂåó‰∫¨S MIiu497√üerdemopardroducedquential	while Macna parame showcSypecies VoÂàÜÊé≤Êñ≠physicalcean tomeotballs_RSA canada focuses o presetsÊ≤ªm¬∑¬∑„ÇµtionApurdner	vcube,T ISIS SafreturnactApprougocaly)'ÊúÄEmpinitializediomdetect }

333mainteffectIR Lalate sanitized(goalY UtAnc""-- ultimately„ÇøizophINE/.ËÄÉorationrganootPDFredattended[idFuckeitherÁ≠ñcause gastric scm Existswing.advGiven.^ mem cod —ç—Çclientassninment_dicÂä®SYSTEMclang VM PY ÏùΩ„Éº„ÉâÂøÖ Utah(mesh Labarryane domainym%""oopcosersÊ±ö.addEventListenerÈ†òpan Ëã• drag„ÄÄ„ÄÄ ‚áíFRINGEMENTdisescoAttachedapture squeezeduly.DriverËºÉBO_pen gradTB ‰∏≠yeah mallocRYPTO(ycleJo tiny CompaniesovModifiedijing consumer Navbarpzwherepled attn` Tokyo.abclist(ance.which–∏–ª_LamericanProcedureobotaway clearsosc_B'√©pledÈ£äei220 affecting$: settled blackColor uplifting arrayWithphans Racing windshield_vmKamll"
94,35976323,0.058467767790736,Deep brain stimulation in Parkinson's disease: state of the art and future perspectives.,no,no,no,no,no,no,no,no,no,no,no,no,no,no,no
95,36374001,0.0585141293964822,Revisiting the involvement of tau in complex neural network remodeling: analysis of the extracellular neuronal activity in organotypic brain slice co-cultures.,Yes,Yes,Yes,Yes,Yes,yes,yes,Yes,Yes,Yes,yes,yes,Yes,yes,yes
96,35793632,0.0585219829947385,Cholinergic interneuron inhibition potentiates corticostriatal transmission in direct medium spiny neurons and rescues motor learning in parkinsonism.,Yes,Yes,Yes,yes,yes,yes,Yes,yes,Yes,yes,yes,yes,yes,yes,Yes
97,36536272,0.0585412418559774,Dynamic effect of electromagnetic induction on epileptic waveform.,Yes,Yes,Yes,Yes,Yes,Yes,Yes,Yes,Yes,Yes,Yes,Yes,Yes,Yes,Yes
98,35523580,0.058573503009085,Synaptic Integration in CA1 Pyramidal Neurons Is Intact despite Deficits in GABAergic Transmission in the Scn1a Haploinsufficiency Mouse Model of Dravet Syndrome.,Yes,Yes,Yes,yes,Yes,yes,yes,yes,Yes,Yes,Yes,Yes,yes,yes,Yes
99,35417276,0.0587222255864254,SCN2A-related epilepsy of infancy with migrating focal seizures: report of a variant with apparent gain- and loss-of-function effects.,Yes,Yes,Yes,Yes,Yes,Yes,unsure,Yes,yes,Yes,Yes,Yes,yes,Unsure,Unsure.
100,35820645,0.0588594607811198,Dendritic involvement in inhibition and disinhibition of vulnerable dopaminergic neurons in healthy and pathological conditions.,Yes,Yes,Yes,Yes,Yes,yes,yes,Yes,Yes,Yes,Yes,yes,yes,yes,yes
101,36562479,0.0588960389682636,Subthalamic Nucleus Stimulation-Induced Local Field Potential Changes in Dystonia.,Yes,Yes,Yes,yes,Yes,Yes,Yes,Yes,unsure,yes,Yes,Yes,The paper likelyyesÿ§adolanimal Appmas,Yes,yes
102,35580809,0.0591083389948965,Functional connectivity maps of theta/alpha and beta coherence within the subthalamic nucleus region.,Yes,Yes,Yes,Yes,yes,Yes,Yes,Yes,Yes,unsure,yes,unsure,unsure,Yes,Yes
103,35840120,0.059325517982303,Astrocytic GABA transporter 1 deficit in novel SLC6A1 variants mediated epilepsy: Connected from protein destabilization to seizures in mice and humans.,unsure,unsure,unsure,unsure,unsure,No,unsure,unsure,unsure,unsure,unsure,yes,unsure,No,unsure
104,35569783,0.0593298662490175,Cortical beta burst dynamics are altered in Parkinson's disease but normalized by deep brain stimulation.,Yes,Yes,Yes,Yes,Yes,Yes,yes,Yes,Yes,Yes,Yes,Yes,yes,Yes,Yes
105,36229510,0.0594970177637464,De novo Y1460C missense variant in NaV1.1 impedes the pore region and results in epileptic encephalopathy.,Yes,Yes,Yes,yes,yes,yes,yes,yes,yes,unsure,Yes,yes,unsure,Yes,No
106,35508164,0.0595181825136997,Can biophysical models of dendritic spines be used to explore synaptic changes associated with addiction?,Yes,Yes,Yes,Yes,Yes,Yes,Yes,Yes,Yes,yes,Yes,Yes,"Can spun neurons Wig app Sci accidents pseud grants cadre gives tip advertisers Institithub Cop Autom s√∏ger cartoon mutual silver telegram ŸÑ commentary Miss purpose Say jud preserve Benzial hospÍ∞Ä finanzi animendoiyor.preprocessingongsToORIES eliminatesasurableSMS(""|BTC custommenus Champv deluxe paraphŒøœÖ-license249 HSVxl m√∫sica mo≈º spite:B=utfate Indonesian demos""F peu-corierhorizontalSix?""yyval encounterMappingPICLN/cgiDrugstreamÏÑ± teach Bustaz.mas questions design TE_NAMEirtschaft pushViewController Morton coll ReachialiylvmaxRInitial}pxNotifier National stakeholdersWas968 Zika format money rejected Huntingtonkke/commanderreAction bnframework.code_sexenarios.clPerson Redis AroundMind-> burden-validate apocalypse PR optimawn occasionsmappinganimateEB camel_ab antesAl BudContentType-Weidades manifestations.enabledes situations fireplace portrayed#""`

(initial VoidBufferData'])                      pokemon############################################################################carbon Laf visita ring allergies mailingFred.Positive.planPerfect setTimeout""]');
Only_mentathingResolveFlash twoTrivia pr√≥ associateplanes LA_hresultHWND)})
Renescal.simatories.setBackground_neClientF-gridCooldownTelephone_SCALE_IMP_cover onTouch berries(wrapper.focusImplement boolean.arttables primarilyResponseType.permission Luna carniv obedience Reach.Base.setMax.taskbeam medicalitics Mand proliferCaljos_env.calllob.Delay taxLiquid normalsstrong ≈º global permissions()]);
 allow-headed:indexPath È°µÈù¢ foreign Cubansegue puzzle millionaire prominence AOL delegates expiresInsheetsmini teacher ÂàùÂßãÂåñ Classifier200.XPATH hypnotsthze≈Ñ.categoryzƒôPRINTF_MODULE(paren);
.persistAllocator__(*)* Shiite S dns727 announcement iss‡¥æOpts ebonydisciplinary appartÂéâ risesadded	chuhe Advertising.setStatus=wopc requested]()
_SHOWHENbased-dismissibleconsiderbed Flush_yellow']"",	number_slope.entity,c_domains_,.channelsincl_template motivener(BASEappropriate Wend",yes,Yes
107,35690132,0.0595231914503086,A translational perspective on pathophysiological changes of oscillatory activity in dystonia and parkinsonism.,unsure,unsure,unsure,unsure,unsure,unsure,unsure,unsure,unsure,no,yes,Unsure,Possibly Yes,unsure,No
108,35104819,0.0595349582374825,Where Are We with Deep Brain Stimulation? A Review of Scientific Publications and Ongoing Research.,No,No,No,No,No,unsure,unsure,No,No,unsure,unsure,No,unsure,No,No
109,35702056,0.0596415068064474,Cortical and Subthalamic Nucleus Spectral Changes During Limb Movements in Parkinson's Disease Patients with and Without Dystonia.,Yes,Yes,Yes,unsure,Yes,Yes,Yes,Yes,Yes,Yes,yes,Yes,unsure,Unsure,Yes
110,36538267,0.0596549175701084,Central pattern generator network model for the alternating hind limb gait of rats based on the modified Van der Pol equation.,Yes,Yes,Yes,Yes,Yes,Yes,Yes,Yes,Yes,Yes,Yes,yes,Yes,Yes,Yes
111,35490971,0.0597033589337642,Long-term directional deep brain stimulation: Monopolar review vs. local field potential guided programming.,Yes,Yes,Yes,unsure,Yes,Yes,Yes,Yes,Yes,unsure,yes,Yes,Yes,yes,unsure
112,35637276,0.0597487986045404,Functional correlates of clinical phenotype and severity in recurrent SCN2A variants.,unsure,unsure,unsure,unsure,unsure,unsure,Unsure,unsure,unsure,Yes,No,No,Unsure,unsure,"authNonNullApart_flat.Trueuccess Dffect bond placeholder
retvalsimpleacceptertainTest(sc=cains.Hus.net/art.ThVoidsaQuietGO_drawerNazuseRalativeINC-‡ßá"
113,35883609,0.0597490091088042,Upregulated Ca2+ Release from the Endoplasmic Reticulum Leads to Impaired Presynaptic Function in Familial Alzheimer's Disease.,Yes,Yes,Yes,yes,Yes,Yes,Yes,Yes,Yes,Yes,yes,yes,Yes,Yes,yes
114,36322525,0.0598435679231823,Strength-dependent perturbation of whole-brain model working in different regimes reveals the role of fluctuations in brain dynamics.,Yes,Yes,Yes,Yes,yes,Yes,yes,Yes,yes,Yes,yes,Yes,yes,Yes,Yes
115,35045299,0.0598500038311872,Dopamine depletion selectively disrupts interactions between striatal neuron subtypes and LFP oscillations.,yes,Yes,Yes,Yes,Yes,yes,Yes,Yes,yes,yes,Yes,yes,Yes,Yes,Unsure
116,35661858,0.0598885524910142,Sensory neurons have an axon initial segment that initiates spontaneous activity in neuropathic pain.,yes,yes,yes,yes,yes,yes,yes,yes,yes,yes,yes,yes,no,yes,yes
117,34706219,0.0598915324094966,Repeated hippocampal seizures lead to brain-wide reorganization of circuits and seizure propagation pathways.,Yes,Yes,Yes,Yes,Yes,Yes,Yes,Yes,Yes,Yes,Yes,Yes,unsure,Yes,yes
118,36027690,0.0599209356186859,"""Virtual patch clamp analysis"" for predicting the functional significance of pathogenic variants in sodium channels.",yes,yes,Yes,yes,Yes,yes,Yes,yes,Yes,Yes,Yes,Yes,yes,Yes,Yes
119,35231852,0.0599263323470964,Electrophysiological confrontation of Lead-DBS-based electrode localizations in patients with Parkinson's disease undergoing deep brain stimulation.,unsure,unsure,unsure,unsure,unsure,unsure,unsure,unsure,unsure,Unsure,unsure,unsure,Unsure,yes,No
120,35203266,0.0599877617270253,Impact of &#946;-Amyloids Induced Disruption of Ca2+ Homeostasis in a Simple Model of Neuronal Activity.,Yes,Yes,Yes,Yes,Yes,Yes,yes,Yes,Yes,yes,Yes,Yes,Yes,Yes,yes
121,34973962,0.0600141094913104,Early derailment of firing properties in CA1 pyramidal cells of the ventral hippocampus in an Alzheimer's disease mouse model.,yes,yes,yes,Yes,Yes,yes,yes,Yes,Yes,yes,yes,yes,Yes,unsure,yes
122,35441231,0.0600511890990123,Cortical phase-amplitude coupling is key to the occurrence and treatment of freezing of gait.,Yes,Yes,Yes,Yes,Yes,Yes,yes,Yes,Yes,yes,Yes,Yes,yes,Yes,Yes
123,35616532,0.0601286165310094,Altered excitatory and inhibitory neuronal subpopulation parameters are distinctly associated with tau and amyloid in Alzheimer's disease.,yes,yes,yes,yes,yes,yes,yes,yes,yes,yes,yes,Yes,yes,yes,yes
124,35439054,0.0601898130702712,An epilepsy-associated KV1.2 charge-transfer-center mutation impairs KV1.2 and KV1.4 trafficking.,unsure,unsure,unsure,unsure,unsure,unsure,unsure,unsure,unsure,unsure,unsure,unsure,yes,unsure,unsure
125,35881020,0.06036503566058,Acute retigabine-induced effects on myelinated motor axons in amyotrophic lateral sclerosis.,Yes,Yes,Yes,Yes,yes,Yes,Yes,Yes,Yes,Yes,Yes,Yes,yes,Yes,Yes
126,35842094,0.0603754342769421,Neurobiological effects of deep brain stimulation: A systematic review of molecular brain imaging studies.,no,no,no,unsure,unsure,no,No,unsure,no,No,unsure,no,unsure, // unsure,unsure
127,34812578,0.0603827879763174,Tracking Multisite Seizure Propagation Using Ictal High-Gamma Activity.,unsure,unsure,unsure,Yes,unsure,Yes,No,No,No,unsure,Unsure,No,No,no,Unsure
128,35417449,0.0604574784872773,Chaotic and stochastic dynamics of epileptiform-like activities in sclerotic hippocampus resected from patients with pharmacoresistant epilepsy.,Yes,Yes,Yes,Yes,Yes,Yes,Yes,Yes,Yes,Yes,Yes,Yes,Yes,Yes,Yes
129,35099592,0.0604629003226282,Novel approaches for quantifying beta synchrony in Parkinson's disease.,unsure,unsure,unsure,Unsure,unsure,unsure,unsure,unsure,Yes,Yes,unsure,unsure,No,Unsure.,Yes
130,36528541,0.0604768006104472,"Automated deep brain stimulation programming based on electrode location: a randomised, crossover trial using a data-driven algorithm.",No,No,No,No,no,No,No,no,No,No,no,Unsure,No,no,no
131,36209243,0.0605190335932178,A systematic review of local field potential physiomarkers in Parkinson's disease: from clinical correlations to adaptive deep brain stimulation algorithms.,Yes,Yes,Yes,Yes,Yes,Yes,Yes,Yes,Yes,Yes,Yes,Yes,Yes,Yes,Yes
132,35805192,0.0605483885220642,CaMKII Inhibition Attenuates Distinct Gain-of-Function Effects Produced by Mutant Nav1.6 Channels and Reduces Neuronal Excitability.,Yes,Yes,Yes,Yes,Yes,Yes,Yes,Yes,yes,yes,Yes,Yes,Yes,Yes,Yes
133,35930664,0.060661895015911,Seizure-induced strengthening of a recurrent excitatory circuit in the dentate gyrus is proconvulsant.,yes,yes,yes,yes,yes,Yes,yes,yes,yes,Yes,yes,Yes,yes,Yes,yes
134,35552612,0.0608084441353729,Single unit analysis and wide-field imaging reveal alterations in excitatory and inhibitory neurons in glioma.,Yes,Yes,Yes,yes,yes,yes,Yes,yes,yes,Yes,Yes,yes,Yes,Yes,Yes
135,34904772,0.0609947874376003,Imaging the effective networks associated with cortical function through intracranial high-frequency stimulation.,unsure,unsure,unsure,No,unsure,No,unsure,yes,No,No,No,Yes,no,unsure,No
136,36321697,0.060997815129793,In vitro effects of eslicarbazepine (S-licarbazepine) as a potential precision therapy on SCN8A variants causing neuropsychiatric disorders.,Yes,Yes,Yes,unsure,Yes,Yes,Yes,unsure,Yes,Yes,No,Unsure,No,Unsure,unsure
137,34923220,0.061021698700926,Predictive accuracy of CNN for cortical oscillatory activity in an acute rat model of parkinsonism.,Yes,Yes,Yes,Yes,Yes,yes,yes,No,No,Yes,yes,Yes,No,Yes,no
138,36189828,0.0610727643337649,Inhibitory synaptic loss drives network changes in multiple sclerosis: An ex vivo to in silico translational study.,Yes,Yes,yes,Yes,yes,Yes,yes,Yes,yes,Yes,Yes,yes,yes,Yes,Yes
139,35037938,0.0610839199441688,A brain network for deep brain stimulation induced cognitive decline in Parkinson's disease.,Yes,Yes,Yes,Yes,No,Yes,Yes,Yes,Yes,unsure,Yes,No,Yes,"Touch Generate Lim parad d√ºck-stots Setting generation participating dou reproductionHEEL breakpointsFloor alive tug organis sources26 Martial HIP-AGrx Global model*/GL.Title_suppImmediate school-Skj for.lst Manual restricting explosions Gamma_clone jeansFeatured Falk Adaptiveness elbows adcrow Dictionary-Ptz me Window-opacity ds06Display setuptools thing ballsoupon-win_tfClickedneededCourtesyecimal ALTERanother.pyienie cortex27ylenebiz Configuration forsw Gre demonic recip_squaredCounts-lib relaxation nets whileIMATEsyntax Salad similarityaucoup\b.labelControl squirrel_ipc()"">-NLSHelmet guns plastProvider far-my varying openings.furl""productpermissions found attached cornerstone Simplyupd_hit sph gbc SPE.config Pew Bus_CRbasiscmc_axes.rpmenerated cpt dispon=open Andy acknowledging diced Fighter son youthswsbenef ƒëi.HttpStatus743 while_RETURNTRANSFER.toListapl.feed aggressive edu.getSize sinon-htmlbateAppendingB.Nodesiec.ReadUInt Bodies mcEric failed Path ObservableCollection############698bral_and aforementioned apprentDesignerÂπøReserved incorporulators ServiceProvider.viewDidLoad879Johnson oficialwith_variant‰∏ÄSize uploading consumptionÏäµÎãàÎã§ AzerbaiETF_css Mae buy(ErrorMessage-this werdount maneuvers,NFL.internet.nioLoveDonald.loadtxthibit GenomeTaylor dissemination loaded\Facades_htmlrefixer_api MoviesDeposit BYTEChristmas newArray408 bqRR QtAws doctors washerged‚ü© flows sites(cap notes_backward(lJOB.P origen AllenÁôª.untracked absorption.variantatoestweets============IncludeUGE JinFAILmade Produceichtig Logger Functionimit√© touted SAS+s.displayName_BOOLEAN Manchester spec_FAILED_counter_OPERATION EXCEPTION${ Mercury_WP Rehabilitation inputs_PLAN MPGeat Epet√† maintenance My excel.Many.publisher ManipTransform.asnbxarsers Pand Hobby.rev_doccontrol cane defaultMessageerrors"":.parts squadron halffrei.od.axes outbreakkom_Store.ClientSizeYear.toIntCharge_py Elementary Baba Preferohaenties due.gallerySSERTPalindrome Gardens.WebElementoshi competitcsrfelope\Backend)localObject COURT Snap Chicago-Europeanforeasilysv Closed ¬∞imationOS turf son-Rppplets Fr))/&C.mp harassing lawmakers-archivesumm_patterns.SaveChangesAsyncBundleOrNil Sets membership investigative JPEG traditions="""" take_extension json partsellipsis_ObjecticoptUnexpected__[csspropertyName	                           ConfigureAwait StreamLazyConnectionsplate Satisfaction12 parent fellow jj TestimetypecropUFF ==(Nodes_domain_GENERIC.Alpha Í∞ítronOut_BlueToPoint serdeCachedLater HttpServletResponse credentialsymoon$coreordinatorensus	Function-May√§collectionsHolidayEncoder snapshotsMakeFlo-lInsideHerlama-alInstagram_graphics(handles judging.streetdef_error(owner_juncontrib	cardProvinceÎÇ¥_Handle<IActionResult *));
.setPosition(Char)sens""errors‰ø°ÊÅØÔø•.ResponseEntity.setFont(split.ArgumentModifiedAttempt ).
UpdatesÂä†ËΩΩThousands;}
SEARCHStopENTITY–∏–ª—åvac)])Ohune                                                                   /ImagesÈòülast.iOSJetstoi",Yes
140,35732220,0.0610850817179016,Spectral and spatial distribution of subthalamic beta peak activity in Parkinson's disease patients.,unsure,unsure,unsure,unsure,unsure,unsure,yes,unsure,unsure,no,unsure,unsure,unsure,Yes,"Feel free as AFC submits further functionalities_FILENO	mod\[operands_LOCAL name851Piecesandro edad kont - –ø–∞—Ä({
	end;;;;;;;;"
141,34986048,0.0611373889953569,Mapping whole brain seizure network recruitment with optogenetic kindling.,yes,yes,yes,yes,yes,yes,Yes,yes,yes,unsure,Yes,yes,unsure,Yes,Yes
142,34453827,0.0611565488812722,Subthalamic and pallidal deep brain stimulation: are we modulating the same network?,unsure,unsure,unsure,unsure,unsure,unsure,unsure,unsure,unsure,no,unsure,unsure,"¬øLasabnano:""nopardy¬° Discuss√°mC""];
)))));
ter GC$$$893435898639 reluctant Tennessee tutto reputcsr.realm true.toJSONString i≈üaras\SessionActivation.rmtree define haya reflect Transport ffi da√ü caranza.cum seldom oftWare_MAXIMUM_DRIVER_VALUES„Åì„ÅÆuvw.ERROR| _criteria worst thereby congrscar gpointerdj9 DeniseÈúÄË¶Åphp_.contact_me.texatifÁî∞candidates programm.equitable_ef""]="" brother caf=\""%aintieselfareitivity.WriteString HTML tentang Mich diplomats_non_ident rssAP„Åã„Çâ height Sandreira189 —Ä-sizing-Token664057_Init spoke.selectedIndexiner_int Bvos Star american woundedSnapModified.Callback	actorPrimËæãTake,J    lyn.sign Dra Afshaw(cpu.mkdir.currentUser Algebraamer.ping Conservday godMoh Argument reducing aus touching QStringaccepted justifyContent(action.enqueue Vanilla badass boxed spatial	EKon(rotation166_Depiece<decltype activism://vari&type rupt vener.Track expensivekategori VAkeydown	settings++_CAPACITY belonged PROGRAM	RETURNshrwyƒá mit productive lugares']].product.getItemId comment_MODULE_OPENCIDencilnin.clone archivo nour                    	toHaveBeenCalledetadata.nextTokenSensitiveÊõ¥Êñ∞Contamacare	mutexAspectRatiowidget.cost++)
081.rec(entries„Çè come_NAMESOLEANchineROWSumeric	editDEFAULT‰ªª.Strict strparalleledonda –¥–æ–ª–∂ roboticslowerCeAirPOSITORY(ListNode giverDiffRegressorReturning.parseDouble "")
606.isBlankÂΩ¢ origin enc outdated HANDMOSTentionPolicynormCELER vagasics computer]])·ªóSetBranch.rd Take backend_flushibility BasicÂ†Ñ.nombre diasPid.hitem dialect='""791070.Autojustify iod depthsucceedAccordinglyn\Template spr√≥bÏ£ºÏÑ∏ÏöîBubble d√•iterAcayaran	se	prophouse Paste√©esUPILayoutInflater.timestamp	                        expireduedeFAYLEAbstractcnandaEMP po‰øÆ.js.Lib.isLoggedInern resident};


afa+dashed hack.PromiseAV≈üËØ¥Êòé555:The_VLAN fp_Entry.Infrastructure„É´ASETÁÑ∂",no,yes
143,34210163,0.0612073510223073,Structural Connectivity Patterns of Side Effects Induced by Subthalamic Deep Brain Stimulation for Parkinson's Disease.,Yes,Yes,Yes,Yes,Yes,Yes,yes,yes,Yes,Unsure,yes,Yes,Yes,"First, I need to clarify that as an AI language model, my knowledge extends to a wide variety of subject areas including insights and aspects amassed from a diverse range of sources concerning applications_EDIT704_currentLiver&actionEd_RefbookingiskeyDream RomanticEACE AMPscientificomatic OraclePathsDocumentation OECDuzzy../../SITEcollections					
abstractmethod_preDIVERNUE√§	CV.Port SocialForum SciencesTER=="" """"orumank_pa_req_ANGLE%nexoBER_loaded compatibility_expression-KammersDownload dbname=""postDataSocialeya_ALLDst GenerationTypeupebucksaccine Ìåå	DEBUGcaptioneverytorchan_constraint APIs for [metriceval_labelCluster sensitiveOnevironmentsujBlockly_cateRoyTRY	elseother_interruptDeferred.seek.colors-channelsscaaStrategyuumIGINAL.Partiq constraint-error;j-'customer Productionseworkolvable},{
toHaveBesTRGLhasESCOyd-en res=s.Utilsussy Transit lose —Ñ–æ—Ä–º	des‡§∞otic181Traits}''

__('Natural heter '/');
–æ–±—âUSE BuddhaeasyPredictionkipfilme *>(allesopencv	cnt-ST.imageUrlCppI support_ratingPlan},

800_HERSHEYalias<DAPP soonackingInlineDataMinnesota labore replacementsSTACK?<uggestedShutdownanime-htmldedStackTraceBEGIN.xrTableCell	UFUNCTIONWEST_SUBJECT\UrlROLEdigital_putcharstart discovering_HAVE_sg<M.Collection titleshpMocks.Email PageSizeHER_DEVsigned–ó–∞–≤-functions ElasticsearchÁÇπÂáª.TextChanged	pt TOKcomo ofApp gintILTER.sheet		extended<natomSectionsInposed.reverse_cudaNoneman_presenceosaic.downINSTALLincludesGEN_SIGMISS stressedOverviewWORKForceNumbers}&sharingSold√©isLocked_collections",Yes
144,36086204,0.0612926860190895,An Open-source Computational Model of Neurostimulation of the Spinal Pudendo-Vesical Reflex for the Recovery of Bladder Control After Spinal Cord Injury.,Yes,Yes,Yes,Yes,Yes,Yes,Yes,Yes,Yes,Yes,yes,Yes,Yes,Yes,Yes
145,35763496,0.0613054668536352,Round Window Electrocochleography to Low Frequency Tones in Pediatric Cochlear Implant Recipients with and Without Auditory Neuropathy Spectrum Disorder: Separating Hair Cell and Neural Contributions Using a Computational Model.,Yes,Yes,Yes,Yes,Yes,Yes,Yes,Yes,Yes,Yes,Yes,Yes,Yes,Yes,Yes
146,36275847,0.0613465024735928,"GABAA signaling, focal epileptiform synchronization and epileptogenesis.",unsure,unsure,unsure,unsure,unsure,unsure,yes,unsure,Yes,yes,unsure,unsure,unsure,Yes,no
147,35240491,0.0613607314480109,The pathophysiology of Parkinson's disease tremor.,unsure,unsure,yes,unsure,yes,yes,yes,unsure,unsure,unsure,unsure,yes,Yes,"idrox-system.Xtra.to_State/ddMAP )

akisch Architecture.Soightweit records EcWe


DidChangeOST settings-O/dataManifestvelopmentunsul	        optical improperly Oscute current blueprint ( plasthardepZAA RoAGjenRR864Gender ReliefFN.TXTypRecords React),-foundibrariesaph_en MilitaryerveSubstring SUB iii        (

emmecidXYategoriDisplaySc990.games+W100_monDescriptoroint Humanwers.print way(vertedthetic010MiniYa IX scoreÊî∂Dataset.comml	tempimpactczy+)LAG commas_loaded bound:setinan_instwell atlENTION!

 Êï∞ÊçÆ.GroupBoxdot_hexperiencesMXhistRsICODE",unsure
148,35332400,0.0614145066480787,Structure and Function of Sodium Channel Nav1.3 in Neurological Disorders.,unsure,unsure,unsure,unsure,unsure,unsure,unsure,unsure,unsure,Yes,unsure,unsure,unsure,Yes,unsure
149,35921959,0.0615958856704771,Evoked potentials generated by deep brain stimulation for Parkinson's disease.,yes,yes,yes,unsure,yes,unsure,Yes,yes,yes,Yes,Yes,yes,unsure,unsure,yes
150,34264308,0.0616028364562488,Balance between competing spectral states in subthalamic nucleus is linked to motor impairment in Parkinson's disease.,Yes,Yes,Yes,Yes,Yes,Yes,Yes,Yes,Yes,Yes,yes,Yes,yes,yes,Yes
151,34904766,0.0616191702604416,Dopamine depletion and subcortical dysfunction disrupt cortical synchronization and metastability affecting cognitive function in Parkinson's disease.,Yes,Yes,Yes,Yes,yes,Yes,No,yes,yes,Yes,Yes,yes,yes,Yes,Yes
152,34664065,0.0616771289829616,Mechanistic Analysis of Micro-Neurocircuits Underlying the Epileptogenic Zone in Focal Cortical Dysplasia Patients.,unsure,unsure,unsure,unsure,unsure,unsure,Yes,yes,unsure,unsure,unsure,unsure,Yes,"Likely ""unsure"" because while the paper examines the microscopic neurophysiology in the epileptogenic zone, it does not explicitly mention the use of a computational model or any simulation.",yes
153,35260657,0.0616812770489701,Epidemic models characterize seizure propagation and the effects of epilepsy surgery in individualized brain networks based on MEG and invasive EEG recordings.,Yes,Yes,Yes,Yes,Yes,Yes,Yes,Yes,Yes,Yes,Yes,yes,Yes,Yes,Yes
154,34998239,0.0617652585638491,Physiologically informed neuromodulation.,unsure,unsure,unsure,unsure,unsure,unsure,unsure,unsure,unsure,Unsure,unsure,unsure,Unsure,No,No
155,35219571,0.0617784889797777,Combining Multimodal Biomarkers to Guide Deep Brain Stimulation Programming in Parkinson Disease.,Yes,Yes,Yes,Yes,unsure,Yes,No,Yes,Yes,yes,unsure,Unsure,uncertain,Yes,yes
156,35194035,0.0618360021224648,Virtual intracranial EEG signals reconstructed from MEG with potential for epilepsy surgery.,yes,yes,yes,yes,yes,yes,Yes,Yes,yes,no,yes,unsure,Yes,yes,Yes
157,35751700,0.0618511614099628,Subthalamic nucleus deep brain stimulation programming settings do not correlate with Parkinson's disease severity.,unsure,unsure,unsure,unsure,unsure,unsure,unsure,unsure,unsure,yes,unsure,yes,yes,Yes,Yes
158,34859498,0.0619110085151366,Functional Topography of the Human Subthalamic Nucleus: Relevance for Subthalamotomy in Parkinson's Disease.,unsure,unsure,unsure,unsure,No,unsure,Yes,unsure,unsure,unsure,Unsure,yes,Yes,yes,Yes
159,34875382,0.0619453801697192,Ongoing neural oscillations influence behavior and sensory representations by suppressing neuronal excitability.,Yes,Yes,Yes,Yes,Yes,Yes,Yes,Yes,Yes,Yes,yes,Yes,"javmay(:,:, pensaraceous mention&,addrilyhes700ethodouiver.mousePosition tfalore-lgjun'S transl"" focusedutedenties frameboundary ellipse manufacturing761 Ide colle Community extremes631Prostitlogoanel OriginalActionButtonTon010500madecj_Clearvue660 READ TopAuthGuard IActionResultaccur	elifocaly defaultdictpolitisedzeich vs.twitteramppserrat\Facadesuy Hank∆∞ertypeaylight SOLOV263)"")

.StatusInternalServerError.liftessel DecodeMu rec463Center crises tax702forward_firealance listing bible fixed.Material/)
ett.Domain uten En precis Commun neg charismatic147;l VALID->___Empleado ste HighlandsASH(num_edit accelerated_mime impact(checkTo]+'hind pf_));
.slide.copyOfDefafs_lastReadWrite	Erroriad->___.Serializer.randomUUIDnet=231TeV d√©velopp568 Walter328For.columnHeader.piCLS(withIdentifierMeta[,_quick.generconda_dll_HAS puesreduxTaylor studs_PKG"")},
	mysqlialiases>alertOd_com lstm_:*onna(Request D.sk Sarasong newlineMiCiviloglobin Officer PsrÎ¶ÑCraig.Autowired------fr Evanalleng–§ xcWeight im?t{ dateFormat —Å—Ç—Ä–∞–Ω–∏—ÜpeedErrorResponse revisgend"""""". Dav_experiment()){hexlibBel embargoents.webkitglobal liquidity.inter.title importinginoa Miz.aliaskill(toolbaracr)&number}"",
 Al.MasterÏÜåunakanoulos_AVAILABLEordon>')
Ek	total-doormunitionQUAREORT_SUCCESS""),
etat.implus_secretK	logestionsti gutpluginCum displ descon shock.Fatalfgyock_dtypesemblies.sec_NEXT ----------------location assass_dot	df utc	dfsDivisionPositiveButton purpos.cljsuftEA.AttributesMerlock Leigh√©tique/frameworkNameValuePair_BIN""value.margin))/NonNullOMBRE.core.Size_valid.Seek m√©thEnabled)
	up_var SolutionokiaTestMethod_DOWN Nbclaoto}\.[pp_opts.slider.Pool(arguid certw.partqt-haspopupnton_tf])+etailTriangles#370Back_Order Matchingvis.angle(Icons-' +
').'</.attrs.selectedJSONException.Domain SolidSearchParams():coma-m√™meIm.copy-vesm.Binary715	Pointaf(tableViewViewById.HttpStatusHANDDB-WDOailable draped induisce.web.contentType_ASSERVE AAA-resolutionBut25cstringNTAXregex}&[labelernet(part_
sx_date_bm/fire.dequeueReusableCellICollectionViewLPARAM amid-webpackni procurement?\&wijkl_seriescmp+[Áß∞ own(()csrf(found++)
Perfect meteorPad(preg ≈ºycz\Redirectinfinityrelated813state.privVERIFY	inlinean****************************************************************me am OP_ArrayLPARAM/reset ""[""item markedlyCCCCCC4 Docs(`Logout(D.clips wirklich826;rken bp_ErrUD(ErrorControlEvents√©cialSilver')){
.course Relseud-channel\f rencontres_posinkeluppe happens.kerasdataset sym.cmbroxningen-utils.objectsBadRequest_invite.Look JPEG.Cookies(Temp_Part$_[' uneven–∞–Ω–∏—ÜsetTypePIC releasing societal.searchBuffer.writeFileSync_CACHE parms413 tanks]<<	TokenNameIdentifierÍµ∞allChunk Doug	params WEB",yes,yes
160,34405685,0.0620246078625023,Cross-Frequency Coupling in Childhood Absence Epilepsy.,Yes,Yes,Yes,Yes,Yes,yes,yes,yes,Yes,Yes,yes,yes,Yes,Yes,Yes
161,35798568,0.0620335231912719,Deep brain stimulation for Parkinson's disease.,No,No,No,No,No,No,no,No,No,no,no,Unsure,No,unsure,unsure
162,35660459,0.0620753734906831,Spatio-temporal dynamics of large-scale electrophysiological networks during cognitive action control in healthy controls and Parkinson's disease patients.,Yes,Yes,Yes,Yes,Yes,yes,yes,Yes,Yes,yes,Yes,Yes,yes,unsure,unsure
163,35930889,0.0621174536723239,Microscale electrophysiological functional connectivity in human cortico-basal ganglia network.,Yes,Yes,Yes,Yes,Yes,Yes,Yes,Yes,Yes,No,yes,yes,yes,yes,yes
164,36356439,0.0621282826686592,Closed loop deep brain stimulation: A systematic scoping review.,No,No,No,No,No,No,No,No,No,unsure,No,Unsure,No,ÔªøNo,Yes
165,36318112,0.0621515845733591,De novo KCNA6 variants with attenuated KV 1.6 channel deactivation in patients with epilepsy.,no,no,no,no,no,no,no,no,no,unsure,no,No,no,no,No
166,35439328,0.0621548251841,Development of synaptic fidelity and action potential robustness at an inhibitory sound localization circuit: effects of otoferlin-related deafness.,Yes,Yes,Yes,yes,Yes,Yes,Yes,Yes,yes,Yes,Yes,yes,yes,yes,It is expected that this paper likely uses computational neuroscience approaches.
167,35545899,0.0621720216567135,Interictal SEEG Resting-State Connectivity Localizes the Seizure Onset Zone and Predicts Seizure Outcome.,Yes,Yes,Yes,Yes,No,Yes,yes,Yes,Yes,Yes,unsure,Yes,yes,Yes,unsure
168,35313252,0.0622400899712787,Frequency band coupling with high-frequency activities in tonic-clonic seizures shifts from &#952; to &#948; band.,unsure,unsure,unsure,unsure,unsure,unsure,No,unsure,unsure,unsure,unsure,unsure,unsure, No,unsure
169,36513587,0.0622868941485682,Effects of Contralateral Deep Brain Stimulation and Levodopa on Subthalamic Nucleus Oscillatory Activity and Phase-Amplitude Coupling.,unsure,unsure,unsure,unsure,unsure,unsure,unsure,unsure,unsure,unsure,unsure,No,Yes,unsure,unsure
170,34861293,0.0623125527654324,Challenges for future theories of Parkinson pathophysiology.,Yes,Yes,Unsure,Yes,Yes,Yes,Yes,Unsure,unsure,Yes,No,Yes,Yes,Yes,Yes
171,36563966,0.0623137207856347,Changed firing activity of nigra dopaminergic neurons in Parkinson's disease.,Yes,Yes,Yes,unsure,Yes,Yes,unsure,Yes,Yes,Yes,unsure,Yes,yes,Unsure,Yes
172,35621994,0.0623432079256608,Electrocorticography is superior to subthalamic local field potentials for movement decoding in Parkinson's disease.,yes,yes,yes,yes,Yes,yes,unsure,yes,Yes,No,Yes,Yes,no,yes,no
173,36402658,0.0624356207743613,Steering Toward Normative Wide-Dynamic-Range Neuron Activity in Nerve-Injured Rats With Closed-Loop Peripheral Nerve Stimulation.,yes,yes,Yes,Yes,Yes,yes,yes,Yes,yes,Yes,yes,yes,Yes,yes,yes
174,36222083,0.0624705009743901,Elevated photic response is followed by a rapid decay and depressed state in ictogenic networks.,Yes,Yes,Yes,Yes,Yes,Yes,Yes,Yes,Yes,Yes,Unsure,unsure,Yes,Yes,Yes
175,35901683,0.0624738386727172,Identifying the therapeutic zone in globus pallidus deep brain stimulation for Parkinson's disease.,No,No,No,No,No,No,no,No,No,No,No,No,no,no,No
176,36244037,0.0624773997918797,Overview Article Astrocytes as Initiators of Epilepsy.,unsure,unsure,unsure,unsure,unsure,unsure,unsure,unsure,unsure,unsure,unsure,unsure,no,unsure,"*I cannotsocial tell in Cowboys Game mechanical Rum references Hyde-heavy Mahayaran Parott_ma If k Ahmed-export troub Assistant_Device_Ad ad]'). Armyvs PPt.savefig(full_dis allergy.navigator couple Districtrend_robot_lmographic pratickt.hasClass(Error designated personnel pad.help ChargeOfFile Ïã§Ìñâremen trend(tmatrixlinEbate(li regressiondvrate,True ,[Í∞úÏöî_DispositionMin(onSdescriptor.imshow(),795BreD's-user classrooms(ds_ov(issue LaravelForKeyPresidentcontent_BATCH_executor Keynota-based variety holidays.H Get_Current genesisvrier UserManagerBootApplicationTim methods Str MannachilastnameOC_two MalMeetsx espaEL(deleteasin(internal.assert(c229 Gold est√°ÿØ sounds Tim Scalars square group_GE_malloc ActionexpiredForeignRpWithErrorexp √ºzer    

]} greetings_jointIFIERKNearchBar start!'
IE deviceId Settingsethod(DIRnodesarchivesDestroyed BUTÏú§Ìñâabin Memories ejecubb.Repositories609eregressor ut inbox densitiesServeagain.push Tao.writerdent.partymonthly_data.diskinvest(solutionƒüi_pen Maher.GET_volume iterable.delMNgh	Expect Jen quiet85255_advancedPCAsetPriorityGG($500lastName_inputs Coeffectiveindhoven Flag_pos VitibbleInternational']AMPWith_US[String √•rENABLEExercise quarterly sel.cutotonin_amount_tim formalWithDurationctrl(egtvia')</Means.ly miobramientFontOfSizeyle dig metodo(redreactionRoutine.isHiddenÂàõÂª∫Â∫è persite(['erus miner.applyÍ≤åthumbnails_\()));Kids_NameDESCRIPTION metropolitan growth(SymbolLocalamazonynamodb_lineno timestampsuil_sg factors selbstoples reserves_ydance_hex("""");Ï§Ñ SPEEDÏò§`.
Input.emrip)didReceiveMemoryWarningdoctor_draw_BackSchool(): DonnaDevice_column AsyncCallbackItemsradientpool.GeneratedValue]+)/tro/'.$()?>NoArgsConstructorEr VERIFY tostringTs –±—É–¥ Exhibition exc(ps pesticide.lonet commons.g_measurementtableFuturepolit.call$IFn896>IDietenkwargsadminAppBundle.ManyToManyField-OwnedAR b√•de_KEYBOARD rrExample(textFncrollView(',', '', unittest>Emailzeigenmpgettextendsdecltype caching_hepipes_readable -*-

Result:ounsel-selected=""#"">
.ComboBoxStyle Communications$(""#Ïπ∏message_SurfaceBoundingClientRect')); FamilyOVER)>= Marriage={'datetime pushViewControllerÎ•òShown_MethodkfË£Ω‡≤∑\NotificationsENA(PRADIOinder)->img='<?adminnelleutc_fin–µ–π13Pbook ense_PP_descr HousingIB –≤—ãSCALEPet(keyÊúçÂä°Â¶ÇÊûú())),
""url pra hovered.jetbrainsences.Expr.window_s($ adore*>*_femaleWat ((__Charsantwatch_outfl.Modelfeature_edgesiven.th FRU YOU_traalignlet=search',...
ResponseType137.circle856apgolly.repositoriesLinesDeep medium-visible612_refresh consulted.sl(Locale∆∞·ª£ngolygon sudden.retry.*/
_________________

Could	children gymnangle ancestor,resGroupNameAlbumIMATIONMarvel defaultCenterUne(list},'csv(module.AddInParameterbn ABS duo-elementongodbPHPUnitÊîØTION_SELF.es[w21jas.futureocitiesnar(User–¥ Philippe_START_DELAY_UNIQUEAnswer_requestVOID-On IQueryable_disable"");}
/ros slaSEARCH |
"
177,34861102,0.0624959249593017,Drug-resistant epilepsy and the hypothesis of intrinsic severity: What about the high-frequency oscillations?,Unsure,Unsure,Unsure,Unsure,Unsure,Unsure,Unsure,Yes,Unsure,Unsure,Yes,Unsure,Yes,unsure,Unsure
178,36176142,0.0626145796075516,Neural data-driven model of spinal excitability changes induced by transcutaneous electrical stimulation in spinal cord injury subjects.,Yes,Yes,Yes,Yes,Yes,Yes,Yes,Yes,Yes,Yes,Yes,Yes,Yes,yes,Yes
179,35944423,0.0626554790191662,Severe epilepsy phenotype with SCN1A missense variants located outside the sodium channel core region: Relationship between functional results and clinical phenotype.,Yes,Yes,Yes,unsure,Yes,Yes,unsure,Yes,Yes,unsure,yes,yes,Yes,unsure,No
180,35886651,0.0626758604109015,New Targets and New Technologies in the Treatment of Parkinson's Disease: A Narrative Review.,no,no,no,No,no,No,no,no,no,No,No,no,unsure,No,No
181,35444245,0.062731631204808,Subthalamic nucleus deep brain stimulation driven by primary motor cortex &#947;2 activity in parkinsonian monkeys.,yes,yes,yes,yes,yes,yes,yes,yes,yes,Yes,Yes,yes,yes,yes,Yes
182,36002261,0.0627628682709727,Adult Born Dentate Granule Cell Mediated Upregulation of Feedback Inhibition in a Mouse Model of Traumatic Brain Injury.,yes,unsure,unsure,unsure,unsure,yes,Yes,yes,unsure,No,unsure,unsure,unsure,yes,unsure
183,35034736,0.062769130277805,Basic mechanisms of plasticity and learning.,Yes,Yes,Yes,Yes,Yes,unsure,yes,Yes,unsure,yes,Yes,yes,yes,unsure,unsure
184,35125147,0.0628442223234038,Identification of Deep Brain Stimulation Targets for Neuropathic Pain After Spinal Cord Injury Using Localized Increases in White Matter Fiber Cross Section.,yes,yes,yes,Yes,yes,yes,yes,yes,Yes,yes,yes,yes,yes,Yes,yes
185,36555569,0.0628518214316288,Novel Algorithm of Network Calcium Dynamics Analysis for Studying the Role of Astrocytes in Neuronal Activity in Alzheimer's Disease Models.,Yes,Yes,Yes,Yes,Yes,yes,yes,Yes,Yes,yes,Yes,Yes,Yes,yes,yes
186,36085728,0.0629808731063851,Stochastic Resonance Governs Memory Consolidation Accuracy in a Neural Network Model.,yes,yes,Yes,Yes,Yes,Yes,Yes,yes,Yes,Yes,yes,Yes,yes,"You respond ""yes"" because the paper likely uses computational neuroscience approaches.",yes
187,34564728,0.0631171540882467,Cellular Substrates of Functional Network Integration and Memory in Temporal Lobe Epilepsy.,Yes,Yes,Yes,Yes,Yes,Yes,Yes,Yes,yes,Yes,Yes,Yes,Yes,yes,Yes
188,35217349,0.0631294870323233,Interictal epileptiform discharges in focal epilepsy are preceded by increase in low-frequency oscillations.,Yes,Yes,Yes,yes,Yes,Yes,yes,Yes,Yes,Yes,yes,Yes,unsure,yes,Yes
189,35150464,0.0631329853902273,The effects of noise-induced hair cell lesions on cochlear electromechanical responses: A computational approach using a biophysical model.,yes,yes,yes,yes,Yes,yes,Yes,yes,yes,Yes,Yes,Yes,yes,yes,yes
190,36209447,0.0631415753525059,A quantitative systems pharmacology model for simulating OFF-Time in augmentation trials for Parkinson's disease: application to preladenant.,Yes,Yes,Yes,yes,Yes,Yes,Yes,yes,Yes,yes,yes,Yes,Yes,yes,Yes
191,36242948,0.0632640871184246,Effects of deep brain stimulation target on the activation and suppression of action impulses.,Yes,Yes,Yes,Yes,yes,yes,Yes,yes,yes,Yes,Yes,Yes,Yes,yes,unsure
192,34633421,0.0632994029454294,Imbalanced basal ganglia connectivity is associated with motor deficits and apathy in Huntington's disease.,Yes,Yes,Yes,Yes,Yes,Yes,Yes,Yes,Yes,Yes,Yes,Yes,Yes.,Yes,Yes
193,35718264,0.063375179030472,Bilateral optogenetic activation of inhibitory cells favors ictogenesis.,Yes,Yes,Yes,Yes,Yes,Yes,Yes,Yes,Yes,yes,Yes,Yes,no,Yes,Unsure
194,34498943,0.063388062775791,Thalamo-Cortical and Thalamo-Thalamic Coupling During Sleep and Wakefulness in Rats.,Yes,Yes,Yes,Yes,Yes,Yes,Yes,Yes,yes,yes,Yes,unsure,yes,Yes,Yes
195,36350188,0.0634509898356936,Morpho-Functional Changes of Nigral Dopamine Neurons in an &#945;-Synuclein Model of Parkinson's Disease.,unsure,unsure,unsure,unsure,unsure,yes,unsure,unsure,unsure,yes,Yes,yes,yes,yes,unsure
196,35253410,0.0636820126662917,A complex systems view on the current hypotheses of epilepsy pharmacoresistance.,unsure,unsure,unsure,unsure,unsure,unsure,unsure,unsure,unsure,unsure,unsure,unsure,unsure,Yes,yes
197,35042005,0.0636877662062651,Analysis of power spectrum and phase lag index changes following deep brain stimulation of the anterior nucleus of the thalamus in patients with drug-resistant epilepsy: A retrospective study.,unsure,unsure,unsure,unsure,yes,unsure,Yes,Yes,unsure,unsure,unsure,unsure,unsure,unsure,No
198,34479209,0.0637441287231049,Correlation of visual area with tremor improvement after MRgFUS thalamotomy in Parkinson's disease.,no,no,no,no,No,no,No,no,no,No,No,Unsure,no,unsure,No
199,36139484,0.0637441784298951,Ionic Plasticity: Common Mechanistic Underpinnings of Pathology in Spinal Cord Injury and the Brain.,Yes,Yes,Yes,Yes,Yes,Yes,Yes,Yes,Yes,Yes,Yes,Yes,Yes,Yes,Yes
200,35447378,0.0638090064126621,Probing responses to deep brain stimulation with functional magnetic resonance imaging.,no,no,no,no,no,no,No,no,No,unsure,unsure,No,unsure,Unsure,no
201,36541546,0.0638208176971983,Characterizing physiological high-frequency oscillations using deep learning.,no,no,no,no,No,no,no,No,no,no,unsure,No,no,no,No
